artist,title,English_clean_lyric
  316  ,새벽전화 (Feat. 은지),
  초코와 바닐라  ,Gentle Rain,rain rain rain rain rain rain rain rain rain rain rain rain rain oh gentle oh gentle oh gentle oh gentle gentle oh gentle oh gentle oh gentle oh gentle oh gentle oh gentle oh gentle oh gentle
  보아 (BoA)  ,My Genie,genie genie
  13월 (13TH MONTH)  ,그대여서,
  구구단 (gugudan)  ,소원 들어주기,
  이수 (엠씨더맥스)  ,Song 4,
  김창렬  ,어머니,
"  박학기 ,  송지은  ",이별이야기 (일탈을 꿈꾸는 배추도사 & 토끼라서 행복해요),
  에디스 (Edith)  ,어차피 넌,baby baby baby baby baby baby
  임창정  ,나란 놈이란,
  소찬휘  ,엄마,
  샘김 (Sam Kim)  ,Who Are You,life
  플라이드 (Flied)  ,엄마 (Feat. 조수잔),
  최선호  ,혼자 듣는 노래,take take take take
  스윗소로우 (SWEET SORROW)  ,모험가,
"  Homme (창민, 이현)  ",사랑은 이별을 품고 온다,
  양요섭  ,별,
  변진섭  ,사랑합니다 (원곡가수 팀),
  엠씨더맥스 (M.C the MAX)  ,One Love,
  초묘 (超妙)  ,여기 있을래,
  레인보우  ,너뿐이라고,make love make love make love
  태사비애  ,"행복하라고 (Soul Ver,Duet 타이푼_우재)",
  Big Five  ,매일이 와,
  윤종신  ,나쁜 (Feat. 윤상),
  지아  ,Falling In Love (Duet With 환희),baby baby love baby love love baby baby love baby love baby love baby love fall fall fall fall fall fall goodbye never
  왁스  ,내게 오는 길,
  솔비  ,없다...,
  김예준  ,Whenever Wherever Whatever,girl heart love take thing love baby wherever one day baby thing blood love baby wherever baby thing breath love baby wherever lead take know love bleed give wish ever wherever forever ever wherever ever wherever
  한경일  ,그리고,
  윤종신  ,수목원에서,
  S.E.S.  ,Remember (English Ver.),arm touch everything baby try snow ground night december name baby place heart cause heart time year time piece chance baby try snow ground night december name baby place heart summer baby colour sun day thing na one snow ground night december name baby place heart felt stay remember believe say believe get fall feel hear call grow meet go miss get show get fall feel hear call become shin make stay cause wan cause fall feel hear call safe warm worlds ta first dark old first missing ta first dark first least many first dark never forever even still apart together still still really long always never still still really long always na really long always
  가든 (Garden)  ,몰랐어,
  콘치와 콘치즈  ,너무 좋은 너 (Feat. 기민),thank love feeling heart destiny open happy merry
  비스트  ,The Fact,woh fact
  마리아  ,내 영혼을 그대에게,fall love love love mad heart sky name heart love fall always
  효린  ,더 가까이,
  러브 에피소드  ,"우두커니 (Feat. 프로젝트632, 웅열)",
  이문세  ,밤이 머무는 곳에,
  노아(knoah)  ,나의 얘기를,
  소심한 오빠들  ,그 겨울 우리,
  더 데이지 (The Daisy)  ,아프기만 하죠,
  롤링페이퍼 (Rolling Paper)  ,내생에 가장 소중한 선물 (Feat. 정이한 of 더 넛츠),
  최수진  ,Love Love,
  심우석  ,작별 앞에 우린,
  김범수  ,한동안 뜸했었지,baby party heart baby baby baby let get darling tonight
  쉬즈  ,바람이 불러주는 노래,
  강예준  ,서글픈 불면증,
  Lion Lee  ,그대는 어디에 (Feat. GAMJAY & Sakana),
  문희준  ,눈물이 마른 뒤 (Love Theme 2),
  윤종신  ,끝 무렵,
  진민호  ,가을바다,
  에이트  ,또 사랑에 속다,
  보이스 메모리  ,일탈하고 싶어 (Feat. 다란),dream sweet
  페이지  ,슬픈 연인들,
  박영미  ,쉽게 말하지만,repeat
  신혜성  ,사랑해 (Live),girl baby baby baby baby baby kiss baby kiss girl na
  비스트  ,Butterfly,butterfly butterfly butterfly butterfly butterfly butterfly butterfly butterfly butterfly
  김동희  ,그대 가까이,
  김그림  ,Hey,hey need hey need hey need hey say say say alone
  유리상자  ,내 아픔 아시는 당신께,
  페일그레이  ,가벼운 이야기 (Vocal 김태헌),
  김형중  ,세살차이,
  김정민  ,Yesterday,
  유해인  ,낮잠 (With 박경환 Of 재주소년),
"  성태 (포스트맨) ,  유지  ",숨소리 (수리수리 마수리 & 아이 러브 커피),
  조성모  ,슬픈 기대,
  허영생  ,잊을 수 없다,
  장필순  ,그래도 Merry Christmas,christmas christmas christmas christmas merry christmas blue blue blue blue blue blue blue blue
  신해철  ,째즈 카페,
  신효범  ,너에 대한 나의 바램,
  루바토브 (Rubatov)  ,너에게 닿는 순간 (Feat. 반달),fallin love fallin love fallin love fallin love fallin love fallin love fallin love fallin love
  AOA  ,Without You (Inst.),think cry cry cry cry live win live win live win everyday everyday never
  소노뷰 (Sonoview)  ,오늘도,oh oh oh oh
  미림  ,참을 수 없는 (Duet 성유빈),
  황인욱  ,취하고 싶다 (Prod. By 전태익),
  #안녕  ,스무살의 일기,
  이승환  ,그들이 사랑하기까지 (Duet With 강수지),
  김종국  ,토박이,
  진호  ,덩그러니,
  이예준  ,나는 괜찮아요,
  미스에스  ,It`s Not Over (Performed By Block B),please chance block huh bye love bye think give good good
  포이트리  ,"사랑해, 희망없이 (Feat. 박지혜)",anything candy cry anything candy cry anything candy cry uh wan wan wan wan wan wan na na na
  한효주  ,왈칵 눈물이 (Feat. 유연-러블리),wan voice sorry bye please let see please hear girl
  이선희  ,그 깊은 사랑의 이별,
  곽동현 (KWAK DONG HYUN)  ,사랑이라고 말해,
  최민수  ,사랑했어요,
  지아  ,그런 줄 알았어,
  양하영  ,사랑이 머무는 뜰,
  민채  ,하루 (Jazz Ver.),
  성시경  ,"오, 사랑",
"  강승윤 ,  장재인  ",이 세상 살아가다 보면,
  숨의숲  ,너와의 기억,
  간종욱  ,1초라도,
  폴라로이드 피아노  ,방관 (Feat. 최명준),
  모세  ,기억하나요,
  서은교  ,가을앓이,love love love love
  전영록  ,우리들의 이야기 (Feat.정수라),
  윤상  ,너에게,
  이광조  ,추억 속의 비,
  한요한  ,"Chic (Feat. 기리보이, 케이준, 마수혜)",chance baby anything everything eye everything eye breath baby anything everything eye everything eye know addict addict addict addict know let know let know let know let catch know addict addict addict addict know let know let know let know close close close close
  박승화 (유리상자)  ,늘 고마운 사람,
  JK 김동욱  ,사랑이 잊는다고 잊혀지나요,
  이수영  ,굿바이,
  김동완  ,좋을사람,
  김보령  ,I`m Fine,
  란 (RAN)  ,괜찮은거니,
  김태우  ,Brothers＆Me (With JYP & Rain),yeah time brother story brother brother jyp brother brother brother brother brother thank kind weather brother long many always together
  권혁수  ,달의 몰락,
  이승환  ,이 밤을 뒤로,
  로이킴  ,스쳐간다,
  최효인  ,그대로 안아줘,everything love everything everything okay okay okay even even even
  안예은  ,홀로봄,
  이승철  ,서쪽 하늘,
  민설  ,100%로맨틱,chapa chapa chapa champaign cocktail cafa cafa chocolate milkshake cafe
  포지션  ,우린 그때 똑같은 바보였지,
  플라이 투 더 스카이  ,My Angel,angel yeh uhm angel babe angel angel angel angel angel oh angel oh
  김건모  ,Rainy Christmas,christmas love heart dream night rainy rain bye christmas heart survive one time christmas place embrace star rainy christmas bright memory bye christmas heart survive one time christmas place embrace star rainy christmas bright memory cause break feel fall die cry love see shin die cry love see shin love rainy lonely good white lonely rainy long lonely good white lonely rainy long lonely alone alone lonely never never lonely never never forever
  동네빵집  ,괜찮아요,
  장연주  ,샬라라 왕자에게,
  이문세  ,사랑 그렇게 보내네 (Piano Ver.),
  비쥬  ,괜찮아,saw saw saw
  메리스윗카페  ,All day,day day day day day day day day day day day day day love love twenty wait twenty wait
  황치열  ,친구라는 말,
  핑클 (Fin.K.L)  ,루비(淚悲):슬픈 눈물,cry cry cry cry cry cry cry cry cry cry cry cry
  티노  ,심애 (Duet. 이미나),
  Bro  ,고백했는데 (Remaster Ver.),
  비가  ,Believe,
  Sanctus Chorus  ,그대 있는 곳까지,
  제이세라  ,사랑은 노래를 타고 (Inst.),
  안수지  ,겨울 한 끼,
  톰톰  ,"굿 나잇, 굿 나잇",
  악동클럽  ,별,baby baby baby baby baby
  이승기  ,동경,
  김범수  ,후회가 싫다,
  파니니 브런치 (PANINI BRUNCH)  ,샤르륵,
"  DAVE ,  태사비애  ",남자를 믿지마 (By DAVE),
  성시경  ,허락되지 않은 사랑 (Remix),
  민트소년  ,자장가,
  오롯이 어울리지  ,강수지 (Vocal By 이시영),
  박기영  ,Jesus! Oh What A Wonderful Child,jesus jesus child jesus jesus life joy angel glory glory glory king jesus jesus jesus jesus child jesus jesus jesus jesus life joy angel glory glory glory king angel manger virgin mary mother joseph father wise men star jesus manger jesus jesus jesus jesus child jesus jesus jesus jesus life joy angel glory glory glory king jesus jesus jesus baby jesus jesus lamb jesus jesus jesus jesus jesus glory glory glory glory glory glory glory glory king jesus jesus jesus jesus jesus jesus jesus child jesus life joy angel glory glory glory king glory glory glory king jesus jesus jesus jesus jesus jesus jesus jesus glory glory glory child win sing win sing herald bear come guide shin see king lay fill win sing king jesus win sing wonderful meek mild new new new new born wonderful meek mild new new new new born earthly hay wonderful meek mild new new new new born mary god god wonderful meek mild new new new new born new born wonderful lowly lowly lowly lowly lowly
  KCM  ,Espresso,
  김형중  ,옆자리,
  Gray City  ,Rain (Feat. 태동),
  박정은  ,울보처럼,
  유해인  ,혼잣말,
  이문세  ,Solo예찬 (Club Mixed By DJ 김윤성),
  우주히피  ,우리의 저녁,
  타이푼  ,운명,
  김소임  ,For You,
"  라이머 ,  구인회  ",향기로운 멜로디,goodbye day day say
  엠씨더맥스 (M.C the MAX)  ,멀어져,
  태사비애  ,오늘이 바로 그날이죠,day love baby day love baby fall miss love miss fall miss love miss love
  먼데이모닝  ,향수 (엄마랑 아빠의 품),
  윤종신  ,여자친구,
  박상균  ,내가 너의 곁에,
  R.O.U.L  ,권태기,
  디아  ,Slowly Feel My Eyes,summer breeze plz eye love heart forever mind summer breeze plz eye love heart forever star mind plz eye love heart forever feel plz feel hum feel plz feel rise feel plz feel close slowly slowly close slowly slowly close slowly slowly
  이수영  ,화해해,worry live worry live worry live worry live
  동경소녀  ,Slowly Feel My Eyes (Feat. 어반스페이스),summer breeze plz eye love heart forever mind summer breeze plz eye love heart forever star mind plz eye love heart forever feel plz feel hum feel plz feel rise feel plz feel close slowly slowly close slowly slowly close slowly slowly
  릴리 (Lily)  ,쉬운 게 없구나,
  미드나잇 램프  ,더는 솔직할 수 없던 마음 (Feat. 혜인),
  미스티 멜로우  ,둘이서,
  바다 (BADA)  ,Stay,love love love
  다비치  ,아픈 끝,
  아이유  ,무릎,
  김찬호  ,목요일,
  에이트  ,심장이 없어,tv
  다비  ,Ciao For Now (그만 안녕),ciao
  마마무 (Mamamoo)  ,Double Trouble Couple (Inst.),trouble trouble oh trouble couple couple sweet trouble time call trouble couple couple day fool trouble couple couple sweet trouble time say true sweet double bubble bubble double true double bubble bubble ordinary double bubble bubble
  유리상자  ,30대 예찬,
  AFTERNIGHT PROJECT  ,잔향(殘響) (2019),
  손성제  ,지나간다 (Feat. 안신애),
  정인  ,기적을 믿나요,
"  건지 (가비엔제이) ,  미스티  ",올해까지만,
  이현  ,30분전,
  조제  ,바람꽃,
  스탠딩 에그  ,바보야 (With 이해리 of 다비치),
  조동진  ,나뭇잎 사이로,
  노아(knoah)  ,가까이 하기엔 너무 먼 당신,
  김광진  ,잘 지내나요 (Revised),
  다비  ,Con Sentimento,day smile rain part heart rain love fool part heart whisper raindrop love memory rain part heart see felt dance come let try fell sing shin come let try fall hear call share kiss come let try rainy sweet blind late true bright late true painful late true back still never still together back still never still back still never still
  장나라  ,거짓말쟁이,
  양정승  ,"밤하늘의 별을 4 (With. 푸름, 어3거북이)",uh
"  박장현 (VROMANCE) ,  박현규 (VROMANCE)  ",Love Is…,love love love pain love pain love love heart love heart love love feel feel love feel love feel feel love love love love
  심태윤 (Stay)  ,미니홈피 만들던 날 (Duet. 윤진),
  오왠 (O.WHEN)  ,Fall In Love (Remastered),love love fall love fall love love love love maybe maybe maybe maybe maybe
"  정엽 ,  지오 (G.O)  ",You Are My Lady,lady lady lady lady lady lady lady lady lady lady lady lady lady lady
  시하  ,설마,
  김동률  ,그게 나야,
  간종욱  ,괜찮아 눈물아 (With 간종우),
  샘김 (Sam Kim)  ,향기 (Inst.),way
  마인드유  ,좋아했나봐 (Acoustic Ver.),
  김장훈  ,세상이 그대를 속일지라도,
  런치박스(lunCHbox)  ,밤 한 모금 (Feat.이예솔),
  커피소년  ,그대를 내 안에,
  투앤비 (2NB)  ,너였어,
  지은 (ZYEUN)  ,흐림,
  뮤직 쿠키  ,너 아니면 안돼 (예성),
  KCM  ,고맙습니다,
  별  ,귀여워 (With 권정열 Of 10cm),cause baby honey candy chocolate baby love love kiss baby love much much baby
  레이디스  ,누군가의 어깨에 기대,baby
  이소정  ,달을 가리운 해,
  윤종신  ,이 세상에 가장 외로운 너,
  김동욱  ,후회,
  박진영  ,십년이 지나도,hey honey hey honey party honey hey honey honey hey oh
  서현 (SEOHYUN)  ,아파도 괜찮아요,
  김태우  ,내가 나를 봐도 슬퍼.. (Inst.),
  하성운  ,나란 사람,
  이석훈  ,나보다 조금 더 높은 곳에 니가 있을 뿐 (십오야 밝은 둥근달),
  얀  ,After,
  거미  ,P.S. I Love You (박정현),
"  신효범 ,  봉구  ",행복한 나를,
  심규선 (Lucia)  ,나의 색깔,
  Vn.JuHee  ,Promise (Feat. JPS),triumph feat jps song rap yo huh reborn song repeat rap song repeat rap life yo song repeat rap song repeat dream
  럼블피쉬  ,남잔 다 그래,
  해이  ,April,velociraptor face la hold smiley
  규현 (KYUHYUN)  ,사랑 먼지 (Inst.),
  유영석  ,지난날,
  이가희  ,오빠는 황보래용,mine mine mine
  알렉스  ,자신에게도 축복받지 못한,
  박상민  ,길,crazy
  둔둔  ,눈꽃처럼 (Feat.장겨울，이지은),
  이적  ,깍지,
  이오공감  ,늘 그런 세상이었으면 좋겠다,
  플라이 투 더 스카이  ,가슴 아파도,
  시나에   ,U (Le Coeur Disparus),tu sais que coeur disparu dit amour que je aimais faut que le temp rien connue je aime je aime je amour je te regrette somme autres envers je aime je aime coeur disparus woo ou le coeur disparus comme si quelqu existe toi moi passerai le temp resterons le chemins de autres ombres sais que coeur disparu dit amour que je aimais faut que le temp rien connue je aime je aime je amour je te regrette somme autres envers je aime je aime coeur disparus woo ou le coeur disparus comme si quelqu existe toi moi passerai le temp resterons le chemins de autres ombres mortes tu tu le est mon ne il il je mais fait different manque tant nous qui nmarchent disparus le est un pas nous tu le est mon ne il il je mais fait different manque tant nous qui nmarchent disparus le est un pas nous aime encore aime encore aime encore aime encore
  스탠딩 에그  ,매일 그대를 (With Windy),windy
  페퍼민트 (peppermint)  ,내게 내게 너만큼 (feat. 블러셔(Blusher)),
  유미  ,차라리,
  김민종  ,착한사랑,
  김은비 (EB)  ,고백,
  박상민  ,후애(後愛),
  정바스  ,꼬박 (Vocal 이시은),woo woo woo
  혜령  ,미안해,
  마이큐(MY-Q)  ,아는 누나 (Feat. 홍진경),
  클럽소울  ,우리 헤어진다면,
  오스카  ,눈물자리,
  스티 (STi)  ,달콤한 자극,singing uh listen uh yo
  마마무 (Mamamoo)  ,LOVE,fall love subway walking rain walking lane lane mint fall love subway walking rain lane love subway walking rain walking lane lane fall walk fall walk
  정윤재  ,달빛 (MoonLight) (Feat. 순간),
  우찬양  ,그럴때마다 난 건반을쳐,
  이석훈  ,친구 아닌 남자로,love
  발라더스 (BalladUs)  ,가을 밉다,
  015B  ,세월의 흔적 다 버리고,
  김현호  ,As Tears Go By (가을에만난남자),evening day sit child sit watch tear rich everything child sound rain ground sit watch tear evening day sit child thing sit watch tear mm watch smile see buy hear sing fall watch use think doin new
  이정희  ,그대여,
  헨리 (HENRY)  ,I Would,nothing one man love baby one girl memory wan war battle girl kind pain wan war battle girl love feeling way wan war battle girl break want make fall know see get love miss fight lose walk think see know know fall leave heal go get love miss fight lose walk tell tell feel leave get love miss fight lose tell walk love else weak deep single tainted ever ever ever alone alone anymore away easily enough enough never never anymore away easily anymore away away
  박기영  ,배려,
  재호 (XEHO)  ,Sweet Love,heart someday heart love love forever come come someday
  박혜경  ,집에 가는 길,
  유영석  ,2년 6개월,
  팀  ,쉬운사람,
  준하와 나  ,함께 겨울을 보낼래,
  어떤날  ,그런날에는,
  위니아  ,오늘인가 봐,bae stay stay stay
  수영 (SOOYOUNG)  ,바람꽃,
  임준혁  ,Stay,
  양정승  ,Forever Love (Feat. 신우),love love forever forever
  JK 김동욱  ,IOU,
  백서하  ,까마득히,oh
  Various Artists  ,바람이 분다,
  TWICE (트와이스)  ,ONE IN A MILLION,ta yeah one masterpiece breath yeah one masterpiece ta one masterpiece ta ta ta ta ta get take get get get get get get deep
  채환  ,말리꽃,
  샛별  ,시린봄 (Feat. 윤미),
  아우라 (Aura)  ,오해,
  조관우  ,작은 연인들,
  이승환  ,덩크슛,
  프롬  ,Beautiful world (Inst.),world world everything world world everything beautiful beautiful beautiful beautiful
  블루비 (BLUE.B)  ,그때 그 겨울날에 우리,
  김기쁨  ,어쩌다 우리,
  장혜진  ,마지막 이별,
  임창정  ,그 사람을 아나요,oh
  김신의 (몽니)  ,너 없인 못살것 같더니,
  강태규  ,봄.. 이별 (Feat. JIYA),
  걸스데이  ,I`ll Be Yours (Inst.),baby wee baby baby minute baby wee popping champagne whoo oh baby minute baby baby boy night step baby baby oh yeah baby minute baby check come inside feel ooh oh ooh chic step flower good maybe maybe maybe right right maybe
  소울라티도  ,I Can`t Stop,start everything start start start get get get get stop ta ta ta ta stop broke stop stop stop
  김성규  ,Alive,
  륜섭  ,위로,
  혜령  ,너 없는 하루가,
  키니  ,이른 아침부터,baby baby wait wait wait wait
  윤종신  ,바다 이야기,
"  지연 ,  준형 (2BIC)  ",바라보다 심쿵 (Feat. 윤요),comedy fantasy love love oh oh oh oh oh everyday everynight
  화이트  ,다시 시작해,
  조성모  ,불멸의 사랑,
  제이  ,"사랑, 눈물감기",
  김동완  ,남은 사람 (Duet With 신혜성),
  최성용  ,괜찮아질까,
  거미  ,님은 먼 곳에,
  임소정  ,새벽길,
  박기영  ,미안했어요,
  바이브  ,속도 모르고,
  제이에반스  ,"가까이 (Feat. 용용이, 황시진)",tv star star take time way fall shoot love love find lucky uh sometimes
  지아  ,사랑에 미쳐서,
  우예린  ,소녀 (Inst.),
  베이지  ,마주보다,
  쿨 (COOL)  ,그녀의 결혼식,
  PK 헤만  ,Evergreen (Feat. 이지혜),
  이상우  ,슬픈 그림같은 사랑,
  상어  ,부자가 되는 꿈 (feat. 평행프로젝트),yeah
  블루비 (BLUE.B)  ,길,
"  넬 (NELL) ,  지선  ",Like A Star,star sky angel page life song heart oil hand anyone time mind look describe everything fait doubt side heaven word song love anyone time mind way anymore cause tonight dark anyone anyone time mind star sky angel page life song heart oil hand appear love blow get feel find write blow come understand confuse win let guard blow appear wonder alive au long secret never still else away still still never
  마사빌레  ,비가 (Rain Song),oh uh addictied oh oh oh
  남태현  ,바램,
  슬로우 폴 (Slow Paul)  ,겨울 바다는 얼지 않듯,
  달에닿아  ,바람이 불면 (Duet. 조민후),
  드라마틱스  ,밉더라 (Vocal  주대건 Of 소리얼),
  아이오아이 (I.O.I)  ,소나기,
  우은미 (Woo Eun Mi)  ,괜찮아 오늘도 하는 말,
  마끼아또(Machiato)  ,큐피트 화살 (Inst.),
  백지영  ,잊지 말아요 (Inst.),
  문명진  ,기억해,hook
  박효신  ,You & Me,tonight rain drop face life song try let know try try let know try fall tonight
  유승준  ,One Fine Day,much
  란 (RAN)  ,우리 처음 (Feat. 유리),goodbye
  이성은  ,하늘아,
  SG 워너비  ,우습지,
  에이나린  ,눈물난다 생각난다,
"  김범수 ,  Papertonic  ",나 가거든,
  엠씨더맥스 (M.C the MAX)  ,별,
  양수경  ,당신은 어디있나요,
  김정민  ,애인(愛人),
  롱디 (LONG:D)  ,그리워라,feel ooh ooh ooh feel ooh ooh ooh ooh ooh ooh ooh ooh feel ooh ooh night thinkin night thinkin night night thinkin night thinkin night everything everything night night night everything everything night night night ooh ooh ooh ooh ooh right nice right nice
  이수영  ,라라라,
  이수영  ,착한 여자,
  로이킴  ,오래전 그날,
  김범수  ,눈 속의 너,merry christmas
  포지션  ,바램,
"  유용호 ,  새봄 (saevom)  ",우리가 잊고 살았던 작은 것들,
  바닐라 어쿠스틱  ,같은 말,love tell love still still still still
"  PK 헤만 ,  정석  ",아낌없이 주는 나무,
  나원주  ,Just For You,cry cry lie lie try try smile smile cry cry lie lie try try smile smile cry cry lie lie try try smile smile cry cry lie lie try try smile
  포지션  ,미루나무,
  이지형  ,단풍놀이,
  한올  ,너와 나는,go come know go come know back far away far away back far away far away far away
  장나라  ,I Love School,
  히스토리  ,The Last Time,cry time time cry let go oh last oh last
"  일 락 ,  지민  ",남자가…웁니다 (일락 Ver.),
  THE LUCETE  ,아픈 기억 (Feat. 조대근),
  뱅크  ,건배,
"  신혜성 ,  바닐라 어쿠스틱  ",첫사람 (Inst.),
  로이킴  ,Love Yourself,time parade club name heart girl sake wan song cause anyone thinking phone wan na mama everyone job cause way baby friend problem time opinion wan song cause anyone thinking phone wan na mama everyone job cause way baby way baby way baby use break cry write care hit baby movin hold know admit catch go sleep go love holdin somethin go love tell hat tell make forget come write care hit baby movin hold know admit catch go sleep go love holdin somethin go love cause go love holdin somethin go love cause go love holdin somethin go love goodness somethin wrong much oh wrong tried somethin wrong much oh much oh much oh well still still maybe never well still still still maybe never well still still still
  김민식  ,나의 사람아,
  바람에 오르다  ,널 위한 노래,
  정엽  ,눈부신 하루 (Inst.),
  얀  ,고무신을 신은 줄리엣,
  감성소년  ,언제쯤,
  김동완  ,사랑해선 안될 사람 (Duet With 별),
  황시연  ,goodbye (Inst.),tv
  윈더스프링  ,잡을수 없었던 이별,
  박신양  ,사랑해도 될까요,
  정결  ,너 밖에 모르고,
  페퍼민트 (peppermint)  ,"Fall In Love (Feat. 스피드모션, 목경)",love love fall love love love fall love fall love fall love fall love love love fall love love love fall love fall love love love fall love fall love fall love fall love fall fall fall fall fall
  권순관  ,Tonight,tonight tonight tonight tonight tonight tonight
  너드  ,마음,song sing always
  언어의정원  ,사랑은 시가 되고 이별은 노래가 돼,
  김나영  ,그럴 리가 (Inst.),
  데일리노트  ,난 너만 보여,
  홍성민  ,기억날 그날이 와도,
  오마이걸  ,한여름의 크리스마스,merry christmas
  마리아  ,위대한 여정 (The Greatest Voyage),
  윤상  ,마지막 거짓말,
  4minute  ,모르는 척,la hey
  포지션  ,어린  시절  첫사랑  처럼,
  유다은  ,아직은 시린 겨울,
  에스프레소  ,왜 내게 다가오려했니 (Feat. 박살),uh fake
  베이지  ,눈물인형,
  테이  ,얼음 인형,
  이은미  ,기억속으로,
  박원  ,실수,
  이소은  ,거울,
  우유같은걸  ,"그날의 너를 (Vocal 진시원, 황강현)",
  6 to 8  ,밥 한 번,
  하이디  ,어쩌다 마주친 그대,
  최영준  ,사랑도치,
  김정민  ,다시 만나는 그날까지,
  윤종신  ,너에게 간다,
  김연우  ,행복했다...안녕,
  KCM  ,기억,
  임태경  ,애상,
  김보경 (NEON)  ,소란스러운 날,
  나윤권  ,The Light,fall love fall love fall love love love love love miss love
  빅마마  ,좁은 하늘 (Solo 신연아),
  S.N.A  ,Mr. S.N.A,yeah haha alright yeah oh baby heart baby motion girl baby sweat emotion yeah iamma everytime mind tonight oh baby heart baby motion girl baby emotion yeah everytime mind tonight girl way cause ya picture size capls guarantee baby girl day ta time baby girl time everytime mind tonight everytime mind feel watch feel burst see see get say come feel watch see see see get say come star see take take see mind get see get say go give see see get say come see double top tonight perfect satisfaction oh makin everytime slow oh still fly
  보아 (BoA)  ,Share Your Heart (With Me),share heart
  조안나  ,그리다,
  스윗소로우 (SWEET SORROW)  ,당당한 그녀가 아름답다,
  신혜성  ,여원여모,
  에메랄드 캐슬  ,발걸음,
  이수 (엠씨더맥스)  ,사랑해요,
  엠블랙  ,열쇠,love tell look show girl girl away
  가비 퀸즈  ,Endless,
  토이  ,A Night In Seoul,
  송지혜  ,외출,come come come come someday someday someday someday
  허각  ,너 아니면,
  미트 (MEat)  ,팅커벨 증후군,
  에피타이저 (Appetizer)  ,많이 힘들었나봐 (feat. 가원),
  다비치  ,녹는 중 (Feat. 버벌진트),winter right babe go true
  임하영  ,비몽,
"  SMTOWN ,  Steve Barakatt  ",너의 목소리 (Sound of Your Heart),fly yeah oh away
"  허각 ,  정인  ",동네술집 (Inst.),
  전초아  ,눈물이 나서 (New Ver.),
  정엽  ,Lost (Prod. By MAKTUB),mind mind heart mind mind heart lose lose lose lose lose lose
  이승기  ,그럴까봐,
  이성연  ,너의 빈자리,
  하은  ,열애중 (답가) (Inst.),
  박완규  ,련 (순정),
  임지수  ,You Say (Vocalplay Ver.),voice mind lie sum remind thing thing matter everything worth identity thing foot failure god victory thing belong fight measure know love feel hold fall love feel hold fall take lay love feel hold fall single high low strong weak short strong weak short strong weak short enough never
  견우  ,나 답지 못하게..,
  Resound  ,"당신을 안아줄게요(Feat. Roady, 최인애)",
  JK 김동욱  ,Unchained Melody - The Righteous Brothers,love darling time time time love love god love reivers sea sea arm sea river wait wait love darling touch lone time time time love god love hunger speed come hunger speed long lonely slowy ant lonely open lonely oh lonely slowy much still home much still
"  거미 ,  사이먼 도미닉  ",그대니까요 (소녀의 순정 코스모스 & 패션피플 허수아비),
  이기찬  ,널 잊을 수 있게,
"  범키 ,  버벌진트  ",너에게만 (Inst.),bumkey vj deux time jam way side na slow
  이상은  ,The Secret Garden,garden zoo name tree fruit sleeping monster nail violence ignorance zoo trust notice universe town jail sometime universe time la na eagle hunger clue victim monster nail violence joy change universe town jail sometime universe time garden mine universe time know know bring leave tire choose terrify waste treat know pray tire come terrify waste terrify waste secret different small bad painful good many small bad secret good na sometimes never innocence sometimes never never
  김범수  ,나 없이 행복할 널 위해,
  이동수  ,타투,
  리치  ,말하지 그랬니,
  서있는 사람들  ,나 잡아 봐라,
  블랙 비트  ,들어볼래요,yo
  V.One  ,면도 (5 Vibes Ver.),
  6월애  ,너의 전화에,
  이장우  ,"훈련소로 가는길 (이장우,2019)",
  김태우  ,너라서,ya ya ya yeah girl yeah yeah yeah baby girl boy girl boy friend club love show honey honey honey baby girl boy girl boy life time baby girl boy ya ya ya yeah say yeah tell please keep go ya yeah boy lynie girl mine ya never
  임재범  ,그대 ... 내게 와,
  리마크  ,이렇게 좋은 날에,
  제이  ,시간은... 다 닳게 하니까,
  더필름  ,"힘을 내요, 그대",
  김정민  ,혼자만의 사랑,
  비투비  ,Killing Me,wan zombie life day bullet chest eat yeah mess mind wan wan kill come lose leave kill come lose kill come lose dead alive na die single sleep huge rather always still
  박정현  ,Nobody,nobody nobody nobody nobody nobody nobody nobody nobody nobody nobody nobody nobody nobody nobody nobody nobody nobody nobody nobody nobody nobody nobody nobody nobody nobody nobody nobody nobody nobody nobody nobody nobody nobody nobody nobody nobody nobody nobody nobody nobody nobody nobody nobody nobody nobody
  손승연  ,보고 싶어요,
  코나  ,우리의 밤은 당신의 낮보다 아름답다,
  루앤  ,몰랐어,
  O.S.T  ,내 사랑을 말해요,
  박새별  ,참 아름다워,cause life cause life cause life cause life cause life cause life cause life cause life cause life cause life cause life
  황치열  ,한번만,
  이수 (엠씨더맥스)  ,단 한 번의 사랑,love always always always always
  플라이 투 더 스카이  ,"이별, 하루 전",night time moon butterfly lip eye lie lie last last light white
  박준용  ,못난여자라서 (Feat. 채시연),
  알레프 (ALEPH)  ,No One Told Me Why,one one love someone please devil love someone please love someone please love someone please tell stop tell sell tell please tell love tell hurt sell tell please tell love sell tell please tell love sell tell please tell love please tell else else else else
  모세  ,너때문에,
"  성시경 ,  박효신 ,  서인국 ,  브라이언 ,  리사 ,  박학기 ,  김형중 ,  견우  ",Christmas Time,christmas merry christmas christmas everytime ya life fire blazin need one christmas time time present christmas feel know keep christmas good christmas happy christmas jellyfish yeah ya amazin else
  김현철  ,그런대로,
  박시환  ,Ups&Down,baby ups baby ups ups um um
  ㄱ  ,Gonna Be Alright,baby oh gon oh ganna oh ganna ganna ganna baby oh gon oh ganna oh ganna ganna ganna baby oh gon oh ganna oh ganna ganna ganna oh gon alright oh alright alright alright gon oh gon alright oh alright alright alright gon oh gon alright oh alright alright alright gon alright oh alright oh oh oh oh oh alright alright oh alright oh oh oh oh oh alright alright oh alright oh oh oh oh oh alright
  양다일  ,너만 너만 너만 (Inst.),uh
  차수경  ,한사람,
  나인티원  ,밤하늘의 별을,baby baby
  남영주  ,너의 뒤에서,
  김준식  ,일상 (Daily),
  메이팝  ,멍하니 (Lovelorn),
  정용화 (CNBLUE)  ,대답하지 마 (Not Anymore),woo
  란 (RAN)  ,너에게 간다,
  이성욱  ,너에게 가고있어,sunshine life
  The One (더원)  ,지나간다 (원곡가수 김범수),
  Austen Cloud  ,노숙자 (Homeless),
  한경일  ,왜 아쉬울까요?,
  PK 헤만  ,못잊어 (Feat. 이지혜) (Sampling Mendelssohn 봄의 노래),night everyday love love everyday everyday lonely
  제국의아이들 (ZE:A)  ,비틀비틀,baby arm babe come back
  박용인 (어반자카파)  ,성수동 스타벅스 Feat. 이주한 of winterplay,
  Soopie (수피)  ,아이,
  동그라미  ,그대여,
  포맨  ,그날들,
  이적  ,거짓말 거짓말 거짓말,
  015B  ,난 그대만을,
  서재인  ,나 오직 그대만을,
  티지어스  ,I Believe In,live baby much
  정재일  ,새벽달,
  김형중  ,국경은 있다,
  세나  ,마음이 다쳐서,
  나원주  ,오늘에서야,
  T.P RETRO (타디스 프로젝트舊)  ,"입술이 말해 (Feat. 강수민, 김자경 Of 아고다)",
"  김정훈 ,  김보형  ","All For You (꽃을 쓴 남자, 우주요원 넘버세븐)",wan wan love wan na na oh na
  오현란  ,하지 못한 말,
  #안녕  ,생각이 난다 (With My Guitar),
  시온  ,미워할수 없는 너,
  양영준  ,그대가 아니면 (Spanish Ver.),
  Various Artists  ,White Christmas,christmas one treetop glisten child bell snow christmas christmas card day christmas merry christmas merry christmas christmas christmas card day christmas christmas christmas dream use know hear dream merry dream merry white sleigh white bright white white bright white
  원써겐  ,건강하세요 (Feat. 주보라),
  구자명  ,뒤를 돌아봐,
  황치열  ,그대가 감싸던 손등에...,
  재범  ,한 여자,
  JK 김동욱  ,기억해줘,
  삼삼 (samsam)  ,달빛 아래서 너와 (Feat. 장선영),
  레마  ,착각.. 사랑은 자기 최면이다 (Feat. 김다영 Of 뉴클리어스),
  멜로망스  ,사랑하고 싶게 돼,
  수성  ,사랑주의보 (Feat. 수호),love love love
  차태현  ,이별근처 (Inst.),
  허민  ,I`m Lost,wait wait wait wait wait wait still still still
  강철  ,Missing You (서로 다른 이별),
  신승훈  ,로미오 & 줄리엣,player
  클랑 (KLANG)  ,낮부터 취해서,stop think call stop think call
  한경일  ,추억의 무게,
  지브라  ,다정하게 말하는 그사람이 좋아요,
  유니온 펍  ,"속삭임, 꽃",
  케이윌  ,사랑은 그대다,
  센티아노 (Sentiano)  ,아직도 난 (With 주강현),
  이수영  ,Twenty Nine,forever twenty twenty twenty
  오은비  ,항상 바쁜 너에게,
  긱스  ,끝,
  서영은  ,Love Affair (Mr.),
  차태현  ,부탁,
  체리베리 (CherryBerry)  ,넌 나를 좋아하니?,say take take say say take take say say take take alone alone alone
  The One (더원)  ,사랑은 병이다,
  이문세  ,이 세상 살아가다 보면,
  우은미 (Woo Eun Mi)  ,지워지지 않아 (prod. 조남매),
  비비안 (BBAHN)  ,안 괜찮아 (feat.소리(SOLEE)),
  고찬용  ,꿈꾸는 아이,
  PIB Project  ,상수동 (Vocal. 유진),
  천소아 (Cheon Soa)  ,나 니가 너무 좋아,
  아이유  ,바람꽃 (E.S),
  장나라  ,We (일본어),uuum uuum
  니모  ,그대를 난 사랑해,love love darling darling sweet oh sweet oh
  지은 (ZYEUN)  ,"그냥 그대로, 그냥 이대로",
  김필  ,슬픈 언약식 (Inst.),oh
  스텔라 박  ,사랑이야,
  져니  ,그저 가는대로,woo woo
  이은하  ,작은 슬픔,
  엠씨더맥스 (M.C the MAX)  ,눈을 감아도,
  디셈버  ,머문 기억이 보낸 편지,
  엠투엠 (M To M)  ,마지막 사랑,
  PK 헤만  ,너의 별 (Feat. 태후),honey baby sweety kitty heyy
  더 라임  ,하루를 살아도 너였으면,
  김장훈  ,추억만들기,
  자전거 탄 풍경  ,"그댄 아나요 (Feat. 이지민, 김유진 From W.H.O)",
  지아  ,집에 있을 거에요,
  안예은  ,어쩌다보니,
  리즈 (Leeds)  ,Listen To My Heartbeat,baby heartbeat racing sprit someone someone heart sweet chocolate god thinking mind soul something mind answer fool longing fool love craving baby babe hum baby bebe worry nothing matter life joy pleasure tale hum baby babe hum baby bebe worry nothing matter life joy pleasure tale thank god tell pump dream care love find glance notice glance stop question tell know tell whisper pray confuse tell say tell say smile let mine full fairy let mine full fairy finally together ever evermore forever together together ever evermore forever together
  이영현  ,체념 2009,
  바이브  ,좋은 오빠 동생으로만,
  이선희  ,바람꽃,
  박상민  ,서른이면 (Piano Ver.),
  김동률  ,망각,
  진미령  ,홀로이 (Hol loy),
  먼데이 키즈 (Monday Kiz)  ,일분 일초,
  박보람  ,Lonely Night,night night night night night night night miss miss miss miss lonely lonely lonely lonely lonely lonely lonely
  페이지  ,겨울밤의 꿈,satisfaction love satisfaction love get get
  쿨 (COOL)  ,당신에게 일어날 수 있는 일,woo woo
  에이트  ,사랑 할 수 있을까,
  탑독  ,이건 아니지 않나 싶어 (With 조pd),
  포지션  ,먼지가 되어,
  윤종신  ,뱀파이어라도 좋아,
  성희재  ,안되겠니 (발리에서 생긴 일),
  이은미  ,애인 있어요,
  조장혁  ,잿빛거리,
  비투비  ,두 번째 고백 (Inst.),day eternity listen confession day pride shoulder strap backpack oh oh girl win take please girl throw ask come baby true jealous jealous nd ever back away back
  파니니 브런치 (PANINI BRUNCH)  ,아름답던 기억,
  장재인  ,환상,
  에일리  ,Rainy Day,pain day day goodbye pain day day day day rainy day day day rainy tonight say rainy tonight let rain let rain let rain let rain rainy tonight rainy rainy rainy tonight rainy rainy lonely
  제이세라  ,귀여운 마녀,baby baby baby na na
  헤일  ,flu,
  이소라  ,Dream A Little Dream Of Me,star bright night sycamore dream dream night dream linger dear kiss dear dream dream worry dream dream dream dream worry dream dream linger dear kiss dear dream dream worry dream dream dream shin whisper sing kiss hold tell dream fade crave long linger till say dream dream fade crave long linger till say dream dream tree little nighty tight blue little dawn sweet sunbeams sweet little sweet sunbeams sweet little dawn sweet sunbeams sweet little little alone still still
  여운  ,가기만 할 뿐 (Feat. 흐린),
  Je T`aime (쥬뗌므)  ,살구젤리 (With. 문성민),
  김진엽  ,나는 그 사람이 아프다,
  서영은  ,졸업,
  김동률  ,첫사랑,
  지나  ,그만해요,oh
  김정민  ,내가 사는 이유,
  지요  ,오늘 같은 날이면,
  리즈 (Leeds)  ,MY Son (Tiltle Song),son son moon son son heart son son son son moon son son heart shin blomming shin blomming moon light love moon light love
  백지영  ,가리워진 길,
  박준영  ,고백 (Piano Ver.),
  별  ,Fly Again,forget cry smile cry smile cry cry cry fly fine fine never never never never
  화린  ,그때가 생각나 (Vocal 김동하),
  푸른하늘  ,마지막 그 아쉬움은 기나긴 시간속에 묻어둔채…,
  신승훈  ,Would You Marry Me (Neo Ver.),love marry stay marry stay marry marry stay marry stay marry marry
"  별 ,  나윤권  ",창문을 열어놓고,
  태일 (블락비)  ,설렘각,let love let love let love let love girl girl girl girl ye
  학선  ,검은 별 (Feat. 염상섭),
  조장혁  ,기억속으로,
  PIB Project  ,How Am I Supposed To Love,sorry thought chance friendship lily stone bittersweet love people harm time sake love torment brave battle friend mind memory soul cuz life death love people harm time sake love love people harm time sake love say say suppose know turn toss walk pray say give suppose know go let know love get lose lose lose share remember say carry suppose know go let know love suppose know go let know love easy last late wrong oh smile strong early away away still maybe still away away
  R.O.U.L  ,웬 술 (Acoustic Ver.),oh
  허니애플  ,연애바보 (Inst.),
  김광진  ,배다리,
  에스진  ,눈물도 마르죠,
  김보경 (NEON)  ,010 (없는번호),
  가비엔제이  ,사랑같은건 없나봐,
  조용필  ,들꽃,
"  에디킴 ,  달수빈  ",Dream,hero dream world time bye worry anything heart nothing side nothing heart nothing side heart way road byself song world time bye worry anything heart nothing side nothing heart nothing side heart heart believe chase walk dream belong say oh sing sing sing go tell sing belong say oh sing sing sing sing good favorite good na maybe long long maybe long long
  로코베리  ,I Miss You,love love love love miss miss
  임재현  ,비싼옷,
  이문세  ,안개꽃 추억으로 Bolshoi Orchestra,
  허각  ,그리워합니다,bye bye bye bye bye bye bye bye good good good good good good good good
  이미쉘  ,사진을 보다가 (바이브),
  신승훈  ,Love Song,love
  신지훈  ,해피엔딩,
  김종국  ,2006 회상 (Feat. 에픽하이),
  6월엔 UFO가 온다  ,비행 (飛行) (Feat.이정식),
  조pd (ZoPD)  ,친구여,track year time isit cuz yeah time yeah top yeah time way hold try issue sprit way hold stand feel try dejavu diamond let party come yeah survive survive go someting ktp hot yo pd alright alright alright alright alright alright pd right right back back back always eventually never
  말랑프로젝트  ,내가 자릴 비운 뒤에 (Vocal 박라온),
  Neon  ,Happy Days,blow wish sun day blow wish sun day wind wish sun day wind blow wind wish sun day blow wish sun day believe shin shin get shin shin shin get shin shin wind happy wind happy happy blows happy wind happy
  HYNN (박혜원)  ,눈꽃 (Prod. 로코베리) (Inst.),
  이성민  ,그날에 너를,
  키덜트  ,I Wanna Fall In Love (Vocal. 이윤희),love fall love love fall love love fall love love fall love love love love fall love love fall love fall fall fall fall fall fall
  변진섭  ,너에게로 또 다시,
  이지혜  ,눈물아 제발 멈춰줘 (Feat. 제드 Of D.Bace),
  전유나  ,혼자서,
"  거미 ,  바비 킴  ",러브 레시피,baby baby luv baby lu lu luv baby baby luv baby lu lu luv thank baby baby luv baby lu lu luv baby baby luv baby lu lu luv thank heart baby baby luv baby lu lu luv baby baby luv baby lu lu luv lu baby lu baby lu baby lu baby lu baby lu baby lu lu oh lu lu lu lu
  피그말리온  ,달에게,
  백지영  ,여자들만 아는 거짓말,
  그레이트리 (GrayTree)  ,그댈 만나러 가는 길,baby wan eye love baby wan eye love baby wan eye love alright good alright good alright good na paradise na paradise na paradise
  이소라  ,Rendez-Vous,
  김우주  ,그게 너야,
  리디아 (Lydia)  ,사랑한 기억만으로,
  스윗소로우 (SWEET SORROW)  ,푸르른 날,
"  피아 (PIA) ,  지코 (ZICO)  ",오아시스 (Acoustic Ver.),fault destiny save win hold save win hold save win hold destiny destiny
  새늘  ,위로,
  Evening  ,미안해 이별 뒤에 알게 돼서 (Vocal 혜성 Of My-B),yeah yeah emm
  김종욱  ,널 버리면 슬픔도 버려지는지,
  김범수  ,눈내리는 겨울밤,
  민은서밴드  ,With Winter,
  어반자카파  ,혼자,
  4M  ,혼잣말,
  김혜림  ,날 위한 이별,
  손상미  ,사랑하게 될까봐,chance love give
  지원  ,The Exit (Feat. Marco),line ta cause dream worry yeah sign light space room tear violence use shit get use please use shit get use girl seekin exit seekin exit movie bridge girl mass talk sign light space room tear violence please use shit get use please use shit get use girl seekin exit seekin exit seekin exit seekin exit seekin exit seekin exit see cross believe get go win feel breathe drop stand please win get win get know keep think end burn deny see try talk breathe drop stand win get win get sayin silent fine bad good dark cold girl right real last first real dark cold oh girl barely always always barely always always
  클래스메이트  ,기적,
  노크  ,가슴이 웃도록,
  린  ,오늘 하루도,
  멜로디데이 (MelodyDay)  ,비가 내리면 (Feat. 라비 Of 빅스),tear rainfall day please hear rainy always
  소음  ,I Wish,nothing nothing nothing nothing long long
  양수경  ,그대는 (2016 Ver.),
"  레이카 ,  스피드모션  ",Fall In Love,love love fall love love love fall love fall love fall love fall love love love fall love love love fall love fall love love love fall love fall love fall love fall love fall fall fall fall fall
  지아  ,나 어떡해,
  주인  ,하루도 살 수 없었던 사람,
  속눈썹프로젝트  ,잔향 (Vocal By D. bear),
  김민종  ,행복한 여행,
  새봄 (saevom)  ,때론 호수에 뜬 달처럼 (With 윤한솔),
  김종국  ,바보같은 나,
  서영은  ,피크닉 데이,
  신화  ,Weak~Kimiwo Nakushite / Weak~君を失くして,day pray tragedy club ya meet ya phonecall live move god please answer hard hard touch always barely
  장우람  ,잠시라도,
  소훈  ,첫 이별,
  박효신  ,사랑...그 흔한 말,
  손담비  ,Everything,everything everything everything
  이결  ,그때의 나,
  이형주  ,선물,birthday birthday birthday birthday happy happy happy happy
  마이애프터눈  ,My Afternoon,
  조용필  ,고추잠자리,
  고유비  ,그대만 보이네요,
  린  ,"Silent Night, Holy Night + The First Noel",night holy night round yon virgin mother child holy infant tender sleep peace sleep peace night holy night shepherd sight glory heaven afar christ savior christ savior christ savior noel noel king noel noel noel king israel angel shepherd field field sheep winter night noel noel king noel noel noel king israel king israel sing bear bear bear bear bear say lay keep bear bear bear silent calm bright mild heavenly heavenly silent hallelujah noel noel israel noel first certain poor cold deep noel noel israel noel heavenly
  이문세  ,가로수 그늘 아래 서면,
  신기남  ,다시 온 봄,
  이승철  ,그대가 나에게,
  하승범  ,가장 멀리 가장 가까이,
  초록구두  ,내 기억 그 봄날 (Feat. 김다영 Of 뉴클리어스),
  토니 안  ,Aisha,breeze aisha aisha aisha aisha aisha aisha smile life aisha aisha aisha aisha moi aisha aisha aisha aisha aisha aisha smile life aisha aisha aisha aisha aisha aisha smile life pass sweet beautiful aisha ecoute aisha aisha aisha
  김태우  ,너 하나만,remember remember remember oh oh oh
  자자  ,기다릴께,promise forever live
  주영  ,매일매일 그리울거야,
  레이디 요요  ,사랑을 했다면,
  유희열  ,여름날 (워리어스 Live Ver.),warrior drum percussion bass guitar guitar lead antenna electric acoustic vocal
  김혜림  ,이 사람,
  M시그널  ,옷자락이라도,
  인석 (Inseok)  ,어떡하죠,
  임재범  ,Let Me Live My Life,life child philosophy life cause thing way way man yesterday wan wan life baby trust honey imagine life hand light life man yesterday wan wan life baby trust honey trust honey life life trust honey life life trust baby try tell live lead get respect say let walk let walk felt know hear try help felt know hear try let live let live let live let let let live believe wrong good bright good baby baby please never ever never
"  바닐라 어쿠스틱 ,  전상환  ",미운 겨울,love evernight god evernight evernight love evernight everyday everyday everyday everyday
  달에핀  ,반짝이는,
  BMK  ,왜 자꾸만,
  페퍼민트 (peppermint)  ,운명같은 사랑 (feat.모닝커피),
  랜덤 우체국  ,거울 (Feat. 안혜정),
  엠투엠 (M To M)  ,이런 쓰레기 같은...,
  이소라  ,청혼,
  키스 피아노  ,사랑하고 헤어지면,
  디케이소울  ,사랑 못할 짓이야,miss
  비비안 (BBAHN)  ,미안해 사랑하지만,
  엘프존  ,그가 없다 (그대 없인 가슴 속을 채울 수 없다),rap ok ok
  안수지  ,왜 (Feat. NY물고기),
  조소현  ,부재중,
  감성자판기  ,나뿐이야 (Vocal 경은),
  김민승  ,쿵쿵쿵,
  네이브로  ,오늘만 놀아요,
  백지영  ,나쁜 사람,
  달수빈  ,역시 혹시 다시,
  신효범  ,늘 너의 곁에서,
  2AM  ,웃어 줄 수 없어서 미안하다,
  네이브로  ,기억할테니까,
  고현욱  ,연애소설,
  페이지  ,You &  Me,everything everything
"  강승윤 ,  이적  ","웃어라 그대 (Smile, My Love)",style smile love smile love smile smile love love smile love smile smile love style smile love smile love smile smile love smile
  에스프레소  ,내가 아직 작은 아이라 (Feat. 더빌리브),
  조정현  ,그 아픔까지 사랑한 거야,
  Sound Poem  ,남자,yeah yeah
  왁스  ,유통기한,
  민우혁  ,10분 내로,
  젝스키스  ,Missing You,wan loney baby wan loney baby
  반니  ,나쁜놈,
  김준석  ,선물,something heart something mind fantasy light hope pain fantasy light hope something heart something mind fantasy light hope pain fantasy light hope say dream see let dream see make say dream see let dream see make alone never together together alone never together together
  조관우  ,과거,
  플랜더블유  ,흐려지는 너,
  엠투엠 (M To M)  ,No Pain No Gain,pain cry pain cry pain cry pain cry pain cry pain cry pain cry pain pain gain cry
  한동근  ,먼지,
  장혜진  ,이별에게 졌나 봐 (Inst.),
  신용재  ,너야,
"  서두원 ,  노기태  ",오빠가 미안하다,
  앤씨아  ,I`m fine (inst.),yes sober yes day sober yes day shin shin fine fine alright fine soft fine fine fine alright fine soft fine
  이상은  ,돌고래자리 (Radio Edit Ver.),
  비비안 (BBAHN)  ,좋았었잖아,
"  휘성 (Realslow) ,  알리 (ALi)  ",아무일 없었다는 듯,
  정이한 (더 넛츠)  ,보고 싶은 날 (Inst.),
  이건율  ,그대를 닮아,
  양혜승  ,빈처,
  김시진  ,눈물이 많은 남자,
  엠씨더맥스 (M.C the MAX)  ,Follow Me,
  조정현  ,그대 생각뿐,
  김장훈  ,없다,
  내추럴 플러스  ,그녀의 집앞에서 (Feat. 양해중),
  Frankie Summer  ,Windy City,city city city city windy windy windy
  드림캐쳐  ,Emotion (소원 하나),la la hold hold anymore anymore
  이별노래  ,내가 너의 곁에 잠시 살았다는 걸,
  박지은  ,이러니 누가 나를 사랑해,
  에스비  ,너를 부른다,
  소유 (SOYOU)  ,사랑한다 말할까,
  원준혁  ,잘 지내니,
  Place To Be  ,실루엣 (Silhouette),
  왁스  ,아침식사,
  최호섭  ,회색의 계절,
  권홍경  ,쉬운이별 (Feat. 차유림),
  김현성  ,슬픈 변명,
  에코딜리스 (Echo Dyllis)  ,Great Season,season love season love season love season love fall stop love fall fall fall great great great great lovely
  이두헌  ,새벽기차,
  엠투엠 (M To M)  ,나의 눈사람,
  강우진  ,오직 너,
  김보희  ,세상은 나를,
  우이경 (Woo Yi Kyung)  ,안돼요,
  포스트맨 (Postmen)  ,몇 번을 놓아도,
  최보통  ,빗속에서(With 태희) (2016 Remastering),name blue sky edgy box heart rain rain rain rain rain rain rain rain rain rain rain rain rain rain cry cry cry cry cry rain rain rain rain rain sorry rain rain rain rain rain sorry moonlight world speechless everything air rain rain rain rain rain rain rain rain rain rain rain rain rain rain cry cry cry cry cry rain rain rain rain rain sorry rain rain rain rain rain light rain rain word love murmur stick scatter shin come go say cold double shaggy sorry
  트리탑스  ,좋을텐데,
  루피나  ,처음 그대로,
  XIA (준수)  ,You Are So Beautiful (Edit Ver.),beautiful wonderful beautiful wonderful beautiful wonderful forever forever forever forever forever
  손승연  ,Lonely Night,night night night night night night night night night night night night night night night night night night night night night night night night night night night lonely lonely lonely lonely lonely lonely lonely lonely lonely lonely lonely lonely lonely lonely lonely lonely lonely lonely lonely lonely lonely lonely lonely lonely lonely lonely lonely
  지아  ,물론,
  박미경  ,비오는 날에,
"  윤종신 ,  스윙스  ",본능적으로,oh oh oh oh oh line oh oh oh oh oh oh oh oh oh oh oh go oh oh oh oh oh oh oh oh oh oh oh oh oh oh oh oh oh oh oh oh oh oh oh oh oh oh
  이영현  ,가시 (원곡가수 버즈),
  이승철  ,가로수 그늘 아래 서면,
  이승기  ,그대와 나,
  보이스원  ,니가 내린다,
  EXID  ,하나보단 둘 (2018 Remastered Ver.),hello hello hello hello hello hello hello hello hello hello hello hello hello hello time way hello hello hello hello hello hello hello hello hello hello hello man hello hello hello hello hello hello hello hello hello man love love oh good oh good oh good oh good oh good oh good oh good oh good oh good oh good oh good oh oh hello well together together together together still together together together together together together together together
  쥬얼리S  ,됐지 뭐,
"  이생강 ,  황치열  ",칠갑산,
  박경원  ,날 사랑하지 말아요,
  메리애플  ,잠이 오지 않는 오늘,
"  이소라 ,  유희열 ,  윤도현  ",Falling Slowly (슬래인 캐슬 Ver.),word react game meant sinking boat point time voice choice eye mood time sinking boat point time voice choice melody fool play take get raise make fall go take erase paint suffer war win take get raise make fall sing sing hopeful black enough hopeful always never still slowly back still slowly
  모하  ,그때가 좋았다 하네,
  정키  ,Only You (Feat. 유성은),baby baby baby baby baby baby baby baby bye luv luv luv luv good
  하현우 (국카스텐)  ,백만송이 장미 (우리 동네 음악대장),
  리틀에스 (Little. S)  ,설레는 첫사랑 (Feat. 효빈),woo love love love love love love love love darling
  강수지  ,아름다운 너에게,
  샤넌  ,이런 밤이면 (Inst.),nonono
  015B  ,텅빈거리에서,
  변진섭  ,너에게로 또다시,
  투앤비 (2NB)  ,가을바람,
  석훈성  ,Everlasting (With 릴리코랄),day everlasting everlasting rainy even never fall
  이소라  ,I Love You For Sentimental Reason (Live),reason heart heart part think morning dream night sight reason heart think morning dream night sight reason heart believe mean please give love say darling believe give darling believe give sentimental sentimental sentimental never never lonely never lonely
  엠씨더맥스 (M.C the MAX)  ,여大(대)여,
  환희  ,너뿐인걸,shawty love love time time heart heart love love way time time heart heart baby love love love love time time heart heart look look look look wait come know look look true real real na well na already na
  이상은  ,라임그린 시폰스카프,
"  DK ,  강민정 (모노스피커)  ",별이될게,still still
  팀  ,이별앓이,
  BMK  ,물들어 (Inst.),
  장덕철  ,"시작됐나, 봄",
  강타 & 바네스  ,한걸음 (Faint) (Korean ver.),
  홍경민  ,"사랑, 참...",
  이루엘  ,그것뿐이었던 그 겨울,song life song life song life song life song life
  나윤권  ,여름아 부탁해,baby lady summer vacation baby beach beach paradise baby lady sunset beautiful beautiful
  송희란  ,기다리는 동안,
  김동희  ,사랑을 받았어,
  하이힐  ,그곳엔 (Vocal 제이오) With 소란 By Guitar 이태욱,
  혜란  ,딱 하루 (Feat. 백규리),
  장혜진  ,왜,
  015B  ,우리 이렇게 스쳐보내면,
  준호 (2PM)  ,비와 당신 (고당도 보이스 수박 친구 멜론),
"  HIGH4 (하이포) ,  아이유  ",봄 사랑 벚꽃 말고 (Inst.),
  전우성 (노을)  ,바람이 전하는 이야기,
  윤상  ,넌 쉽게 말했지만,
  조관우  ,실락원,
  동방신기 (TVXQ!)  ,낙원 (Paradise),baby boo forever
  유미  ,살아간다,
  굿나잇스탠드  ,생각나더라,much
  이광조  ,사랑을 잃어 버린 나,
  손호영  ,작은 가방,
  지은 (JIEUN)  ,그때 우리 헤어지게 됐어,
  그_냥  ,Beautiful Day,day day love beautiful day day love beautiful day day love beautiful love beautiful beautiful beautiful beautiful beautiful beautiful beautiful beautiful beautiful
  뱅크  ,겨울 바다로,love love
  유리(Yuri)  ,From. December,
  신성우  ,고여,
  권희안  ,좋아한다고 사랑한다고,
  김창렬  ,사랑가,
  비가 내리는 밤  ,그대,
  비스트  ,I`m Sorry,sorry sorry baby baby sorry sorry baby sorry baby sorry sorry sorry
  채연  ,소중한 사랑,
  심영재  ,후애 (약속 그리고...),
  배현철  ,"그런 사람, 그런 사랑",
  린다(LINDA)  ,빛의 비밀,
  투어리스트  ,"Christmas Day (Feat. 박혜수, 양해중)",christmas merry christmas merry christmas merry christmas christmas day merry christmas merry christmas merry christmas christmas christmas day christmas time christmas say merry tree merry merry
"  윤종신 ,  스윗소로우 (SWEET SORROW)  ",Annie,annie annie annie annie annie annie annie annie oh
  양다일  ,곁 (Inst.),feel feel feel feel feel feel anywhere anywhere anywhere
"  하울 ,  천단비  ",아끼지 말아요,
  로만티코  ,저기요 (Feat. 전창영),um
  티블루  ,Need U Baby,baby cuz baby cry cry baby baby baby baby baby girl cry cry baby baby baby baby baby baby baby baby baby girl baby cry cry baby baby baby baby baby girl cry cry cry cry baby baby baby baby baby girl cry cry baby baby baby baby baby girl bling hold bling bling bling tight long long long long long
  윤형렬  ,온도,
  조규찬  ,Melody,melody harmony melody melody melody harmony melody melody melody melody melody melody melody harmony melody melody melody
  소리 두울  ,바람에 실려온 마음,
  나윤권  ,지워.. 미워.. 잊어,
  유선호  ,푸른 별 하나,
  권진아  ,그날 밤,
  파니니 브런치 (PANINI BRUNCH)  ,잘해주고 싶은데,
  첼로  ,춘곤증,
  전유나  ,너를 사랑하고도,
  MA.현  ,추억은 또 눈물이 되겠지,
  하이솔  ,Fall in star (가을별),star hello let love woo love let love woo need yeah woo want love feel want love feel love lonely
  이수영  ,여우랍니다,day day destiny destiny oh
  백아연  ,말하지 않아도,
  이수영  ,기억뿐인 곳에서..,
  멜리플루어스  ,뭐라고 부를까,
  먼데이 키즈 (Monday Kiz)  ,Lonely Soul (Feat. Girl Friends),gon baby eye baby hold hand stand look tell hold mouan ok
  Lemonan Studio  ,사랑에 빠지면 종소리가 들린다,
  태연 (TAEYEON)  ,그리고 하나,
  V.O.S  ,차라리 욕을 해,
  JYJ  ,In Heaven (Narr. 김정은),
  2YOON (포미닛 투윤)  ,Black Swan (Feat. 낯선),swan swan swan swan swan cuz swan swan swan swan swan swan swan swan swan swan swan swan black swan black swan black black black swan black swan black black black swan black swan black
  이승환  ,기다린 날도 지워질 날도,
  조미 (ZHOUMI)  ,一人的寂寞 (Lovesick),yu song kai shou fang qiang shuo ni yi bu ai jia zhuang dao nan guo gei ku rang hui bai tuo gu du bu dao ni ru wang ji ceng gei tu cheng xin sui chu zai xun zhao ai man zu cai fa zhi shi shu fu rang yi ge ren ji mo yi ge ren hui shou nan guo zhi shi wei hai zai liu shuo fu le zi ji hai shi bu bu shou fang ni rou dao le jin tou bu shi hou le ai jie tuo gei cheng wu shi zhong bu cheng shou gei hao rang chu shi hua guo shi ji mo yi ge ren hui shou nan guo zhi shi wei hai zai liu shuo fu le zi ji hai shi bu oh bu shou fang ni rou dao le jin tou bu shi bai le zhe jiu shi jie tuo hui yi shi dan diao dai diao chen mo dai ti le suo yi ge ren ji mo yi ge ren hui shou nan guo zhi shi wei hai zai liu shuo fu le zi ji hai shi bu bu shou fang ni rou dao le jin tou bu shi hou le ai jie tuo kai ting jing di kan xue jing qing qing xing kan qing shi fang kai liu ming bai shi xing ling qing shi ye fang kai liu ming wang shi fang kai liu ming bai shi zhong le ni qian ni tou bu tong gan shou le gan bian tong gong fu na xian neng chu yan lei dong oh kai le cai shi bian neng wu jian liu yan lei dong kai le bu ze yan lei dong oh kai le cai shi
  박새별  ,웃어봐요,
  허니버터브레드  ,꿈같은 너 (With 이효균),
  종현 & 태민 (SHINee)  ,그 이름,
  성시경  ,좋을텐데 (Live),
  달콤 베개  ,다이어트 (Die.T),sweet something sweet sweet something sweet sweet something sweet sweet something sweet best best best best diet diet diet diet diet
  소리새  ,별이 지는 곳,
  임지은  ,The Longing Dance,flower cliff moher night love playing bodhran harp cliff wave star silver coat star gold bell wave star go go come sing sea reflect shin dance shin dance shin go carrantuohill last gaelic sigh sigh away away back away
  조성모  ,영혼 (Ghost),
  쿨 (COOL)  ,다시,past look remember
"  이소라 ,  유희열 ,  윤도현 ,  노홍철  ",데이트 (몽트뢰 버스킹 Ver.),
  김민석  ,Perhaps Love (사랑인가요),
  PD 블루  ,보고싶다 (Feat. 소울레인),
  란 (RAN)  ,말하고 싶었어,
"  공기남 ,  고닥  ",투정부리고 싶은데 (Vocal. 이민혁),
  페퍼민트 (peppermint)  ,돌아봐줘요 (feat. 모닝커피),
  마시따 밴드  ,봄이되면... (Acoustic Live),
  플라이드 (Flied)  ,우두커니 (Feat. 조수잔),
"  한동근 ,  최효인  ",1994년 어느 늦은 밤,
"  첸 (CHEN) ,  백현 (BAEKHYUN) ,  시우민 (XIUMIN)  ",너를 위해 (Inst.),
  정키  ,"Mama (Feat. 구윤회, 한예슬, 신종욱, 김나영)",mama mama mama mama mama mama mama mamama mama mama mama mama mama oh oh
  승국이  ,오랜만이야,
  김지연  ,찬바람이 불면,
  주보라  ,안녕 (Remastered),bye bye good good
  우재  ,잘가라 사랑아,
  JK 김동욱  ,퇴근길 블루스,bar
  이승기  ,첫키스,
  어반자카파  ,소원,
  장윤아  ,보여주세요,
  정선연  ,빈처,
  김만희  ,아름다운 날들 (Acustic Ver.),
  제이워크  ,니가 그립지 않다는 거짓말로,go turn go turn
  리디아 (Lydia)  ,우리 처음 만난 날 기억하고 있니,
  조용필  ,잊기로 했네,
  민즈  ,다른 사랑도 하지못했죠,
  이문세  ,파랑새,
  윤하 (YOUNHA)  ,꿈속에서,
  Kiss Me Joy  ,Kiss (Vocal 전민),
  소히  ,산책,
  미앤유 (me and you)  ,혼자 있는 밤 (With 성민),
  V.One  ,사랑을...하면...,
  동방신기 (TVXQ!)  ,Whatever They Say (Accapella Ver.),everybody girl care baby care care care baby girl care
  김형중  ,가슴이 소리쳐서,
  유리애  ,고작 몇 분,
  조장혁  ,가을비 우산속,
  태민 (TAEMIN)  ,눈꽃 (Snow Flower),
  지애  ,매일 매일 매일 매일,nothing nothing love love love baby step step day day day nothing nothing love love love baby step step day day day nothing nothing love love love baby step step step day day day love love love baby baby boy nothing nothing love love love baby sweet kiss sweet forever well well forever well well forever well well forever forever well well
  콘치와 콘치즈  ,개새끼야 좋아한다고 (Feat. 영림 of 라꼼마),
  에일리  ,Is You,heart heart heart heart love love oh oh oh
  김동욱  ,나에게 그대는,
  정원영  ,천천히...천천히,
  박광선  ,시간이 멈춘듯,flower flower witch flower witch maybe maybe maybe maybe maybe
  이승철  ,마지막 콘서트,
  김종서  ,아버지,
"  015B ,  오왠 (O.WHEN)  ",세월의 흔적 다 버리고 (1993),
  이소라  ,그 사람이 떠나갑니다,
  더 데이지 (The Daisy)  ,또 불러보죠,
  신혜성  ,전부 아름다웠어,
  이혜민  ,Angel,angel angel angel
  임도혁  ,비처럼 음악처럼,
  박원  ,all of my life,life life life life life life life life life
  전우성 (노을)  ,못해 (천하무적 방패연),
  페이  ,One More Kiss,baby baby baby baby baby kiss kiss kiss kiss kiss kiss kiss kiss kiss kiss kiss kiss kiss kiss
"  타임 ,  서영은  ",오아시스 (동글동글) (Feat. 서영은),love love love love
  신승훈  ,소녀에게 [Hey Girl],hey girl hey lady lady lady lady
  이소라  ,기억해줘,
  김보형  ,꿈에 (우주요원 넘버세븐),
  김민종  ,나무,
  서진영  ,나는 아닌거니,
  태연 (TAEYEON)  ,11:11,na na na na na na na na na na na na na na na na na na na na na na na na na na na na na na na na na na na na na
  동안  ,머리를 자르려 했어 (With 이연호),
"  송유빈 ,  선우정아 ,  SURAN (수란) ,  박경  ",어린 왕자 (시들어버린 꽃),ocean beautiful beautiful beautiful beautiful beautiful beautiful beautiful beautiful
  손준호  ,안개 속의 두 그림자,
  이승철  ,그날... 그 기억,day love day love day love day love day love find find find find find
  바이브  ,그때는 몰랐었던 일,
  송하예  ,새 사랑,
  사르나트 (Sarnath)  ,행운,
  KCM  ,행운,
  키덜트  ,With You (언제나 그대와) (Feat. 인화),radio fm love love
  혜빈  ,그리고 5분후,
  카라  ,못 지킨 말,
  유리  ,The Promise (은채의 테마),
  이소라  ,Track 2,
  임단우  ,섬,
"  윤종신 ,  J.Lee  ",두 이별,
  조용필  ,그대여,
  홍승진  ,"왜 그때 (Feat. 에코브릿지, 김호중)",
  김진성  ,만약에 말야,
  가비엔제이  ,이별극장,woo hoo woo hoo woo hoo woo hoo woo hoo woo hoo woo hoo woo hoo woo hoo woo hoo woo hoo woo hoo
  엠블랙  ,천국이니까 (Winter Rain),tell baby make fly
  SUPER JUNIOR (슈퍼주니어)  ,You`re My Endless Love,crazy love yeah time yeah baby baby crazy love oh oh crazy endless love let go yeah let go let go endless many yo endless oh
  첸 (CHEN)  ,안녕 못해 (I`m Not Okay),
  왁스  ,사랑 바람,
"  윤종신 ,  이상순  ",바바바 (부제: 화해송),
  조성모  ,세상의 이별,
  홍경민  ,작은 연인들,
  꿀단지  ,서툰 노래 (Feat. 이성우),
  폴린딜드 (Fallin` Dild)  ,알았을까요,
  이동건  ,내가 세상에 없을땐,
"  015B ,  윤종신  ",모르는 게 많았어요,
  세이지 (Say`Z)  ,Into my life,
  원투  ,Memories (Feat. 현중),
  정승환  ,우주를 건너,come wait come wait come come baby come wait
  동방신기 (TVXQ!)  ,Remember,please face love please cause let know call let know stay ooh oh oh last forever forever ever
  이수영  ,Donde Voy,bajo el cielo que color migracion dolor que siento que tus brazos queesperan tus besos tu pasion donde voy donde voy esperanza mi destinacion solo estoy solo estoy por el monte semanas lejos te llega dinero yo te quiero tener mi el horas puedo sin tu donde voy donde voy esperanza mi destinacion solo estoy solo estoy por el monte voy donde voy esperanza mi destinacion solo estoy solo estoy por el monte el monte madrugada corriendo nombrar dias muy un las vivir igual donde por olividar
  임창정  ,너를 꺼내는 이유 (Inst.),oh
  오드블랙 (ODD.black)  ,잘 해주지 못했어,
  지훈  ,어찌하라고,
  영지  ,괜찮아 아닐거야,
  태엽장치  ,나와 같을까,
  나미  ,슬픈 인연,
"  윤종신 ,  퓨어킴 ,  뮤지  ",The Detail,detail something detail something detail something detail detail something detail something detail detail feel feel feel
"  신지후 (포스트맨) ,  임형우  ",신촌을 못가,bye bye good good
  엠투엠 (M To M)  ,미쳐,
  엠씨더맥스 (M.C the MAX)  ,사랑을 찾아서 (2007 New Ver.),
  일교차 (Daily Range)  ,I Gotta Get Her,got get get matter matter matter matter matter matter baby oh let oh let oh let oh oh shadow treasure treasure treasure baby oh let oh let oh let oh baby oh let oh let oh let oh let oh let oh let oh let oh let oh let get get get get get get get let make oh make oh make oh make oh get get let make oh make oh make oh make oh let make oh make oh make oh make oh make oh make oh make oh make oh make oh make ta ta ta ta tonight oh baby tonight oh baby tonight oh baby tonight oh oh ta pillow tonight oh baby tonight oh baby tonight oh baby tonight oh oh oh tonight oh baby tonight oh baby tonight oh baby tonight oh baby tonight oh baby tonight oh baby tonight oh baby tonight oh baby tonight oh baby tonight
  겨울언니  ,안아줄게,
  귀울임  ,너로 물들다,
  첸 (CHEN)  ,고운 그대는 시들지 않으리,
  천상지희 더 그레이스 (The Grace)  ,아니기를 (Not To Be),
  린  ,키스해주겠니 (Feat. Eddie),
  샤넌  ,20inch,meet way tiger monster factory baby stop baby baby baby stop stop oh oh oh maybe maybe maybe
  쿨 (COOL)  ,발자욱,
  이현우  ,헤어진 다음날,
  김세환  ,좋은걸 어떡해,
  태연 (TAEYEON)  ,Starlight (Feat. DEAN),love starlight yeah starlight starlight starlight starlight starlight emotion yeah baby baby oh amazing starlight starlight oh starlight starlight
  리비안 (LEEVIAN)  ,틈 (Crevice),huh
"  신세경 ,  에피톤 프로젝트  ",달콤한 크리스마스 (Original Ver.),
  함중아  ,내게도 사랑이,
  박상민  ,내가 사는 이유,
  Various Artists  ,바보에게바보가 (무한도전 박명수),
  레드벨벳  ,Alone In My Bed,bed bed bed alone alone alone
  차수경  ,빈가슴,
  정지원  ,두려운 이별,
  윤건  ,갈색머리,wait
  빛과 소금  ,나의 고백,
  Ann One  ,기억만이라도,
  문차일드  ,귀천(歸天),
  멜로망스  ,조심스러운 이유,
  윤미래  ,하루하루,oepuis partir je peux pa vivre sont toi je pense toi chac jour tu la nuit je devir tu veux tu monque oawn lalls soul baby upon rain pain vein couldobtain pride day till waterfall flow repent reminice everything destiny path chance dusk enchain blame curse admit shame seem lay die cry dry ne est vous agian needin late brought never yet alone never
  신용재  ,그런 사람 (Man Ver.),
  루하  ,이해해줘,
  발라드살롱  ,오월애,
  프리멜로  ,...싶어,
  채환  ,파이팅 (Rock Ver.),life life life life life life life life life life life life fight fight fight fight fight fight fight fight fight fight fight fight fight fight fight fight fight fight fight fight fight fight fight fight fight beautiful beautiful beautiful beautiful beautiful beautiful
  진원  ,노래를 불러서 (Inst.),tv tv
  선우정아  ,어쩌다가,love come forever never
  스노  ,Dear (With 박지혁 of 정직한멜로디),
  박상민  ,거짓말,heart
  원효연  ,진심 (With 이원규),
  뱅크  ,야누스의 이별,
  러블리즈  ,그녀는 바람둥이야 (Feat. 동우 Of 인피니트) (Babysoul&Kei),baby boy baby boy boy take baby oh
  이연아  ,내게 사랑은 너무써,
  황치열  ,하얀 나비,
  양의  ,지워지지 않아,
  조동희  ,행복한 사람 (Piano Ver.),
  공소원  ,태엽 (Tears In My Eyes),guess fool guess fool guess fool ha tear eye baby baby ha tear eye baby baby ha tear eye baby baby ha tear eye darling darling
  에스프레소  ,그댄 나의 사랑 나는 그대사랑,
  시온(SION)  ,텅,
  신화  ,Angel,way sky love matter side please let know fall let admit kiss smile beautiful miss
  김현정 (Space.A)  ,사랑아 가지마,
  이상은  ,달,
  이미쉘  ,유난히 아픈 기억,
  만쥬한봉지  ,착한아이 콤플렉스,
  쿨 (COOL)  ,나는 유죄다,forgive want forgive want forgive want forgive
  S.M. THE BALLAD  ,呼吸 / (Breath) (Sung By CHEN (EXO)&ZHANG LI YIN),bu zhu si zhe ni bo le hua duo jiu mei guo qu chu yi ge ren hou hui rang zou shi tu hou xin dou zai chan dou jiao ji xin bei jia suo wen ni qi guo yin cang xin zao yi bei lei kan tou zhi hao chu mo kan zhe zhe yang ji hui yi ye bu wei lei ceng ru guo fen shou li bie zai bu neng shou shang ou er yi ci rang hu nan chuan mei yi zheng kai yan xin pi bei bu kan hai yao ji zhe hai pa xin duo yin man zhe yi qie pin yi wei hui zhi dao chu mo kan zhe zhe yang ji hui yi ye bu wei lei ceng ru guo fen shou li bie zai bu neng shou shang ou er yi ci rang hu duo ni shuo duo wei zai que chen mo duo fou hui dao zui chu zai xin ru guo hui dao la jin hui yi fang shou chu mo kan zhe zhe yang ji hui yi ye bu wei lei ceng ru guo fen shou li bie zai bu neng mei ge shun bu ni rang pi bei lei dao wu fa cheng shou shou shang ou er yi ci rang hu xi ya de dang run ge qing ting ting lei bu ting jing ding ting ting hai ming ming lei bu ting jing ding ting ting shen xing bu qing lei bu ting jing ding ting ting ting yi nian tong dian jian ni yuan zai shou tan ni wen bian tian nan hu wei ni liu hao jian hou ni jian tian bu yuan tian ni tong ni ni ni ni liu hao jian hou ni xian tong neng duan fu ni liu hao jian jian hou ni
  한지은  ,내맘이 쿵 (Feat. 리틀에스),
  이정열  ,같은 하늘 아래,
  김정훈  ,나의 신부에게,
  봄여름가을겨울  ,지하철 Love Song,
  배틀  ,Icarus,sunshine cuz finally
  성시경  ,못할 거야,
  범키  ,돌아가도 돼,
  SG 워너비  ,겨울 나무,
  마로니에  ,말을 해 봐,way move wait ye oh ye baby ye difficult
  오윤혜  ,서운한 마음에 (Feat. PK헤만),miss believe miss believe
  Sayde  ,아침,
  신용재  ,입만 살아가지고 (Inst.),
  JC지은  ,My Song,
  레이나 (Raina)  ,모르겠다,baby baby yeah yeah yeah yeah
  윤시윤  ,너 하나만,
  빅마마  ,내 눈을 보아도,still forever
  태인  ,계절은 바뀌고 (Feat. 로우스타),time day
  더 그랜드  ,친구에서 애인이 되기까지의 과정 (With 이성령),
"  유성은 ,  헨리 (HENRY)  ",사랑+,baby baby baby baby baby baby baby baby
  이하이  ,내 사랑 (MY LOVE),remember
  비욘드  ,더데이 (The Day),day day day day day day day day day day day day day day day day day day day oh oh
  바이브  ,Promise U,side heart baby oh love love love love hold love love
  오캉  ,내 이야기,
  박기영  ,기억속으로,
  소향  ,Jesus (Korean Ver.),praise jesus voice jesus jesus jesus everybody jesus everybody jesus everybody jesus everybody jesus people jesus people jesus people jesus jesus jesus jesus jesus jesus jesus jesus jesus jesus jesus jesus jesus jesus raise get get let let let get get get get jesus jesus jesus jesus jesus praise forever forever
  조정모  ,한번만 안아보자,
  시하  ,어쩌다 우리가,
  페이지  ,미안해요,
  이은미  ,날아라 제임수딘,
  모노그램  ,Do U,love love love wan know love tell love baby come baby wan know love tell love baby come baby mine tell love baby come baby love love love na na
  이승철  ,회상,
  장필순  ,첫사랑,
  김범수  ,처음 느낌 그대로,
  동현종  ,빈자리,
  JK 김동욱  ,우울한 편지 - 유재하,
  둘 다섯  ,긴머리 소녀,
  Modipi & Dona  ,녹여줘,everything love goodthing everything love goodthing love sweething love sweething
  나윤권  ,Love Therapy  (Feat. 한예리),girl therapy love love love oh therapy love love love love fall fall fall
  몬스터  ,사진 속 나와 닮은 그,uh uh
  윤미래  ,Because of You,road song sung road song sung road song sung run run run
  김범수  ,언젠가는 (With 이승철),life
  럼블피쉬  ,눈부신 날,
  Lalawine  ,Daldal,lie yaha la ha eya lie yaha la ha eya yaha la ha eya lie yaha la ha eya yaha la ha eya lie yaha la ha eya delight delight delight allright lie allright lie allright really really really
"  이태권 ,  양정모  ",하루가 일년같아서,wait always
  흥  ,가을냄새 (with 조영일),
  혜령  ,왜요,
  Various Artists  ,Hawaian Couple,
  더겜블  ,딱한번만 (Feat. 허니애플),
  장연주  ,One Sweet Day,day day fine day day day day sweet everyday sweet everyday fine everyday sweet everyday sweet
  이기찬  ,왜 그래,
  이승환  ,울다,
  이수영  ,하얀마음 백구 Ending,
  문주란  ,타인들,
  에스프레소  ,끝 인사 (OST Ver.),
  요아리  ,나비,
  SG 워너비  ,사랑하고 싶어,
  김경록 (V.O.S)  ,별일 아니야 (Feat. P.O Of 블락비),
  박상후  ,나의 마음 바람 불어 Ver.2,
  강타 (KANGTA)  ,가슴에 남아,
  강수지  ,소중한 기억들,
  이재수  ,빚쟁이 (Original Ver.),
  Treasure  ,이젠 안녕,
  희상  ,노래가 나에게,
  바르티 (Varty)  ,오늘이 어제가 되어 (Feat. 이수지),
  변진섭  ,그대에게,
  백미현  ,정말 미안해,
  고유진 (플라워)  ,수원연가,
  씨타임   ,다시 만날 수 있을까,
  이문세  ,사랑이 지나가면,
  김동희  ,썸데이,
  윤종신  ,Love Boat,boat forget
  시하  ,알고 있나요,
  마골피  ,낡은 침대,
  플라스틱  ,스무살,star paradise shin
  윤상미  ,요즘 너는 어때 (Feat. 배재현 (허니지)),
  이영현  ,I LOVE YOU,way think step way memory please cry life treat kind wish joy happiness stay love love darling take love love dream love love love love love love love love love bittersweet goodbye always always always always always always always always always always always always always
  셀프어쿠스틱  ,떡볶이송,
  가비엔제이  ,절애 (絶崖),
  이영준  ,이루어 질 수 없는 사랑,
  Miso Diary  ,사랑이 아파서 (Feat. 데니안),
  SUPER JUNIOR-K.R.Y. (슈퍼주니어-K.R.Y)  ,SKY,
  쟈코비플래닛 (Jacoby Planet)  ,동창회,
  김지수  ,Rain&U (Feat. G2),rain heart please street street day day street street day day street sunlight smile rain heart please street street day day street street day day street love street fall show doin pretend alright fall show broken smile rainy rainy rainy gloomy broken least uh broken smile rainy rainy rainy gloomy lonely lonely lonely lonely
  이카  ,Love Letter,
  박세영  ,Will be,star baby sun love star baby sun love star baby sun love always always always
  신비 (Shinvi)  ,To My Friend,love heart love crime love love love crime tell show first last
  김용진  ,참 못됐습니다,
  샤인이스트  ,생각이나 (Feat. Yeony),tv love love love lie lie lie lie lie lie lie lie lie lie always always never never never never never never always never never never never never never
  신승훈  ,그 후로 오랫동안,
  서영은  ,나 끝내 못한 말들,
  윤종신  ,말꼬리,
  송크라이  ,헤어질 때 남자가 울지 않는 이유,cry bye woo woo hoo tv show cry bye woo woo hoo cry bye woo woo hoo say say say good tv good good far away far away far away
  유니 한(Unihan)  ,"Just Once (윤유리, 윤현정)",
  김우빈  ,혹시 아니,
  마르티나  ,그대는 달콤해,
  휘성 (Realslow)  ,눈물길,
  신윤미  ,겨울비,
  유열  ,나를 사랑하지 않는 그대에게,
  비욘드  ,내 안을 뜨겁게 채운 사람은 너야,
  더 데이지 (The Daisy)  ,그렇게 보지마,
  온유  ,풍경,
  조관우  ,Because I Love You Girl,star world toy balloon love song cry girl girl nothing world nothing world girl moon course moon try girl girl nothing world nothing world girl girl girl nothing world nothing world girl girl girl nothing world nothing world girl rise bloom ask harlem mather
  포스트맨(Postmen)  ,다른 여자에게 눈길도 가네요 (Feat. 가비엔제이 희영 & 써니사이드 마스터챙),man
  이지허밍  ,기다리기 (Feat. 2km),
  로이킴  ,Daughters,girl color world maze wall change step heart hand nothing father daughter daughter girl lover mother mother daughter day mess daughter daughter girl lover mother mother daughter daughter daughter girl lover mother mother daughter stand start see get love become stand saw walk leave clean make love become love become good good fathers good good fathers good good continually maybe away
  런치송 프로젝트  ,니가 내린다,
  유미  ,Last One (Feat. 주석),one princess cuz one princess cuz welcome kingdom time chase chase gon wait last right last last right last hard last never never always still patiently
  홍경민  ,1994년 어느 늦은 밤...,
  박정현  ,커플,right time heart baby let love love love take lose love go win need love love love love wan tight right well forever far na oh
  홍석민  ,여기에서,
  김성재  ,마지막 노래를 들어줘,
  헤르쯔 아날로그 (Herz Analog)  ,내겐 그녀만 있으면 돼요,
  감성팔이소년  ,눈 내리는 날에 (Feat. 정나원),
  CL  ,+소중한 추억190519+,
"  윤종신 ,  장필순  ",결국 봄,
  임창정  ,또 다시 사랑 (Inst.),
  스누퍼 (SNUPER)  ,하이드 지킬,ye yes ye yes ye yes ye yes ye yes ye yes ye yes ye yes ye yes ye yes ye say say
"  토이 ,  조규찬  ",취중독백,rap magic hand
"  선우정아 ,  SURAN (수란) ,  김현우 ,  박경 ,  송유빈 ,  박재정  ",만나려 해,
  린  ,이 노래 좋아요,baby story baby woo baby woo baby baby love love uhm
  덕환  ,축복,
  김보경 (NEON)  ,버려지지 않아 (Inst.),
  OYEON (오연)  ,이대론 못 보내,
  V.O.S  ,나이젠,
  린  ,...사랑했잖아... (2014 Live Ver.),
  몬스타 칼라바  ,그것만이 내 세상 / 행진,
  박지헌  ,별보다 달보다,
  일기예보  ,인형의 꿈,
  빨간머리앤  ,10월의 스페인은 어떨까,tv
  포지션  ,Love Is Over (Feat.조관우),love love love love love love love love love love love
  엠씨더맥스 (M.C the MAX)  ,너의 목소리가 들려,miss still
  X1 (엑스원)  ,괜찮아요,woo woo woo woo woo woo woo woo woo woo night night night ay good beautiful good oh
  BGH4  ,Angel Eyes,
  서영은  ,자꾸만,
  임재범  ,가로수 그늘 아래 서면,
  한여루  ,바라봐줘,
  나윤권  ,하루의 끝,
  귤 (GYUL)  ,"안녕, 호두",
  홍대광  ,티가나요,ooh oh
  정동하  ,내 사랑 내 곁에,
  4-49  ,너무 빨리 잊지는 말아요,
  한경일  ,상상,
  곽은기 (은휼)  ,순간에서 영원까지,
  양다일  ,이 밤 (Inst.),
  솔비  ,어쩌죠,
  성시경  ,두사람,
  이현섭  ,나쁜말,
  딥스코어 (DeepScore)  ,일년쯤 (With 김아롬),
  015B  ,타락도시,
  산들  ,Other World,eye eye mind inside deep deep
  현이와 덕이  ,잠깐,
  선우정아  ,휘파람 (입술위에 츄~ 내노래에 츄~ 레드마우스),boom boom check chic fire whistle heart boom boom day day zoom fire hear hear hear hear hear hear chic hot hot
  신화  ,기회,girl love night please repeat imagine listen breakdown cry come love come tell repeat back back
  장필순  ,그대로 있어 주면 돼,
  양진수  ,유리창엔 비,
  예성 (YESUNG)  ,우연을 모아 (Wish),love
  제이  ,멋진 하루,morning eye lovin morning love feeling oh love way ya oh love love love someone someone baby world feeling oh love way ya oh love love love luv baby love love way ya oh love love love oh love way ya love love baby love wake sparkle say get sing get get til meet know get get love want come get sing get get til meet know get get love give get get get get get say get get til meet know get get love sing get get meet know love get get love love sunlight tears sweet disbelief baby ta ta love ta ta much much secret ta ta love ta ta much much good oh ta ta love ta ta much much ta ta ta ta never never along never never baby never never never much
  블루빈스  ,What About You,world walk everyday world ah ah ah ah world ah ah ah ah make draw make draw tell ay ay ay ay fly make draw tell ay ay ay ay ah ah ah ah ocean ah ah ah ah everyday everyday
  박정현  ,생활의 발견,
  천단비  ,바램,
  연정훈  ,All for you,eye face heart eye face heart love love
  써니힐  ,추워지니 (With 윤현상),
  자몽 (Jamong)  ,나를 잊지 말아요,
  옹성우  ,우리가 만난 이야기,
  데일리  ,그대가 할일,
  Bro  ,그런사람 그런사랑 (Feat. GM브로잭),
  다리아  ,하염없이,
  여행스케치  ,진실에 관하여,
  Apink (에이핑크)  ,Secret,
  T.P RETRO (타디스 프로젝트舊)  ,오늘도 그대만 (Inst.),
  백지영  ,사랑은 아름답습니다,
  비투비  ,For You,heart heart heart love love love one one problem bye bye goodbye heart heart heart love love love one one one one feel get feel trust ta right
  양진석  ,대학로 (Acoustic Ver.),
  이승철  ,그냥 그렇게,
"  이필모 ,  천국의 아이들  ",사랑한다 말해요,
  일레인  ,Would you,warmer colder warmer colder warmer colder warmer colder think think wan think think wan warm cold cold cold cold na na
  JK 김동욱  ,Victory,victory victory victory victory victory victory
  장재남  ,빈 의자,
  이상은  ,비밀의 화원,
  리마크  ,너와 나의,
  노리플라이 (no reply)  ,별,
  비비안 (BBAHN)  ,사랑이겠죠 운명이겠죠 인연이겠죠,
  A Modern  ,환상통 (Vocal 김세정),
  민해경  ,어느 소녀의 사랑 이야기,
  김태욱  ,김태욱의 마음에는 그대가 살고 있나봐,
  안재모  ,용서해줘요,
  Michelle Purple  ,그 사람의 옆자리,
  정차식  ,이별,
  신화  ,Hurts,nobody girl let hurt let hurt let hurt let hurt let hurt let hurt go bad bad bad bad bad bad bad bad else wrong back back
  이종만  ,장돌뱅이,
  김시형  ,봄과 함께 (With 김동현),
  란 (RAN)  ,그대와 흰눈처럼 순수한 사랑을 해,
  강승원  ,무중력 (With Zion.T),
  하나 (구구단)  ,Falling Down,night night day day way eye sunrise fall fall get tire look
  에릭남 (Eric Nam)  ,LOVE SONG,people people fame people power people game people thing life bore people nothing people diamond ring everything everything nothing people fountain people dozen rose way world silver platter good one share one care people nothing people diamond ring everything everything nothing people nothing people diamond ring everything everything nothing nothing world thing trust play get baby get prove love get baby get get baby get get fortune physical full superficial young whole wide forever
  유리상자  ,야식과의 전쟁,tv
  소향  ,인연 (원곡가수 이선희),
  김우주  ,Love You,woo um
  박경원  ,이별인가요,
  SG 워너비  ,보낸다,
  시내  ,내 눈물 알까요,
  유용호  ,여름밤 (Vocal 멜튼 Of 굿나잇스탠드),
  LINY (리니)  ,거짓말이야,
  조성원  ,거짓사랑,
  김동률  ,출발,
  박지윤  ,달이 피는 밤,
  Red Velvet (레드벨벳)  ,7월 7일 (One Of These Nights),minute stay story night night minute stay story day year story night night minute minute oh
  백지영  ,약속,
  스탠딩 에그  ,헤어져야 사랑을 알죠 (Inst.),
  마리슈  ,디어 마이 프렌드 (Dear My Friend),
  브라운아이드걸스  ,클렌징크림,honey honey baby bye bye love bye bye honey honey baby honey honey baby love ever ever really
  정일영  ,기도,
  테이  ,꿈의 시간들,
  토요  ,다시 사랑하자,
"  박혜선 ,  이혜민  ",끝바이 (Good-Bye),
  김범수  ,와르르,
  다비치  ,팔베개,woo la
  더 크로스  ,항해,
  허준범  ,그 곳 (Feat. 김태홍),
  김범수  ,순수 (순수),
  짙은  ,Drag,drag dream drag dream dream ohh ohh ohh ohh ohh
  무감각  ,너를 비추는 밤,
"  소피야 (Sophiya) ,  김조한  ",Fields Of Gold,west wind field barley sun sky field gold love field barley sun sky field gold promise day field gold field year summer day field barley child sun field gold west wind field barley sun sky field gold field gold field gold remember tell stay tell make break leave pass remember tell walk walk walk jealous jealous gold many jealous never lightly still
  Itch  ,있을때 잘해,
  이승환  ,나의 영웅,woo oh
  소울 트로닉  ,Luv Luv (Song By DK),babe fall love love fall love love fall love love love love love fall love love fall love love fall love love love love rap yo yeah fall love love fall love love fall love love love love get get fall need get get fall need get get fall need get get need get get fall need get get fall need get get fall need get get need want get get fall need get get fall need get get fall need get get need
  이정봉  ,풍경,
  최진영  ,사랑을 그대 품안에,
  윤한  ,London,cause heart anything day night everything life cause day night everything life cause live dream stand cause dream stand cause away away
  CS Numbers  ,가슴으로 운다,
  BUMZU  ,첨이야 (Inst.),love love love love oh
  이승철  ,다 가기 전에,
  바비 킴  ,가슴앓이,
  제노바  ,사실은 말야,
  피아노맨  ,작은별 (Little Star),
  유미  ,여자라서 하지 못한 말,
  이진권  ,떠나고,
  015B  ,슬픈 인연,
  고유진 (플라워)  ,가만히,
  조장혁  ,물안개,
  눈물발사  ,이별하다 (Vocal by 양수진),
  NCT U  ,"Coming Home (Sung by 태일, 도영, 재현, 해찬) (Inst.)",home light life yeah yeah yeah home hoo come come uh
  전영록  ,내 사랑 울보,
  2LSON  ,후 (Feat. 정승원),let go live lonely lonely lonely lonely lonely slowly slowly lonely lonely lonely lonely slowly slowly
  김남길  ,너는 모른다,
  박호용  ,신기해 (Feat. K-Cool),crazy baby go right
  더러쉬 (The Lush)  ,이러지 말아요 (Acoustic Ver.) (Feat. Double K),baby babe baby babe care baby something baby babe baby babe goodbye baby babe lay lay maybe
  화사 (Hwa Sa)  ,그대 내 맘에 들어오면은,
  아낌없이 주는 나무  ,유년시절의 기행,
  리디아 (Lydia)  ,조금만 사랑할걸,
  크럭스 비츠  ,우연히도 (Vocal. 강병진),
  성시경  ,The Christmas Song,chestnut fire jack frost nipping yuletide carol choir folk eskimo everybody turkey mistletoe help season tot eye tonight way lot toy goody sleigh mother child phrase kid time way christmas phrase kid time way christmas merry christmas merry christmas roast sing dress make bright find sleep go spy see reindeer know fly offer ninety say offer ninety say open nose tiny hard santa loaded simple many many simple many many really
  ㄱ  ,만취,
  이선희  ,어둠은 걷히고,
  신효범  ,편지,
  후  ,신기루 (Full Ver.),
  BGM  ,"고백할 때 이노래 꼭 불러주세요 2 (Feat. 비비안, 모모래빗)",
  박시환  ,단 한사람 (Inst.),
  Ecobridge  ,눈사람 (Feat. 융진 Of Casker),merry merry merry christmas merry christmas merry christmas merry christmas merry merry christmas let see come let show come let show let show let show let show let see white true blue true
  허각  ,그댈 만난 이후로 (Inst.),
  스윗소로우 (SWEET SORROW)  ,사랑 그 쓸쓸함에 대하여,
  루하  ,하고 싶은 이야기,
  장우람  ,널 그리다,
  나비  ,그대여서 (Feat. 노을),
  두놈  ,흐른다,
  민세영  ,I AM (Feat. 제이켠),hey nothing everythings gon please think lookin forget price tag people yeah nothing everythings gon please think mistake lady bye bye babe everythings please think know know look know know yeah gon honest honest alright oh nonono much yeah oh honest honest alright sorry alright na na yeah na
  이기찬  ,검은 고양이 네로,
  윤혁원  ,너를 처음 만난 그때,
  신혜성  ,사랑한다면...,
  마야  ,너무나...,
  이해인  ,스르륵,
  이승기  ,추억속의 그대,
  은미  ,헤어지자는 말,
  꿈꾸다  ,"괜찮아요, 정말로",
  김민종  ,바보처럼,
  조 트리오  ,영화보다 행복해,love affair
  기억  ,"그때, 우린",
  차여울  ,사랑한 데이 (Acoustic Ver.) (Inst.),day day day day day day day day day day day day day day day day day day day day day day day day day day day day oh oh oh oh oh oh oh oh oh happy shiny happy shiny happy happy shiny happy shiny happy happy shiny happy shiny happy shiny happy lovely lovely lovely lovely lovely lovely lovely
  해바라기  ,어서 말을 해,
  김현성  ,슬픈 이유,
  임재현  ,하나뿐인 내편 (Inst.),
  조성모  ,그대는 모릅니다,
  박정현  ,미안해,day good good yeah
  안지연  ,비야,
  박선예  ,멋져요,love love love love love oh
  JUNIEL  ,그 별,
  VICTON (빅톤)  ,Beautiful,feelin yeah baby baby baby baby hey baby girl uh anything baby girl hey baby baby baby baby hey baby baby good beautiful beautiful hey hey hey oh utiful oh untouchable beautiful beautiful hey orchestra girl beautiful beautiful hey hey hey oh always together together always always together together always together together always
  신해철  ,내 마음 깊은 곳의 너,
  변진섭  ,하늘로,
  김용준  ,커플 (Feat. 황정음),baby lady life life special special beautiful wonderful joyful
  채동하  ,"마음도,사랑도,눈물도",
  김동률  ,크리스마스 선물,
  일기예보  ,좋아 좋아,
  김원주  ,Fall again,fall fall fall fall fall fall fall fall fall fall fall fall fall fall
  롤러 코스터  ,그녀이야기,
  김사과 (Sa Gwa)  ,잠이 오지 않는 새벽,
  한경일  ,내가 불러주고픈 이 노래,
  펀치 (Punch)  ,눈사람,
  서영은  ,너만을 위한 노래,lalala lalala
  박진혁  ,그래요,
  이승기  ,온도,
  페이지  ,난 늘 혼자였죠,
  박상민  ,해바라기,
  혜은이  ,외로움이 온다,
  이우  ,공일공 (010),
  비스콜릿  ,아파도 괜찮아,miss miss miss miss miss miss miss miss
  유솜  ,잠결에 쓴 노래,
  양정승  ,"밤하늘의 별을 6 (With 알렉스, 피어) (Inst.)",babe babe
  정준일  ,북극곰,
  포지션  ,사랑할수록,
  신화  ,진담,
  와사비사운드  ,"So Nice (Feat. Bizzy, 태완, 동옥)",blood type rhyme rhyme picture bizzyb im wit ya eye body alright alright baby baby tonight mellody memory eye body alright alright let alright alright let get love mine cause cause cause cause go bizzionary nice perfect crazy high nice nice alright nice alright nice nice fine ride crazy high nice nice alright nice alright nice nice nice bizzyb bizzionary nice nice nice nice alright nice alright nice emily right right right right nice right right
  H.O.T.  ,너와 나 (You & I),
  우은미 (Woo Eun Mi)  ,죽을만큼,
  첼로  ,춘곤증 (Piano Ver.),
  응플라워  ,설레이는 외출 (Feat. 리브가) ,
  환희  ,Tomorrow,tomorrow tomorrow tomorrow tomorrow tomorrow tomorrow tomorrow tomorrow
  김민종  ,나는 나는,
  조규찬  ,말해 줄께,
  김규민  ,남길 遺,
  최현준 (V.O.S)  ,니 목소리가 들려,
  박지윤  ,Last Night,
  박학기  ,A.M. 3:00,
