artist,title,Korean_clean_lyric
  Various Artists  ,Move It Like This (Remake Ver.),
  Zaz  ,Paris Sera Toujours Paris,
  Daniel Skye  ,I Want You,
  Billy Joel  ,The Longest Time,
  Tom Odell  ,Silhouette (Radio Edit),
  Jeremy Zucker  ,comethru,
  Pink  ,My Signature Move,
  Pixie Lott  ,Cry Me Out (Bimbo Jones Remix),
  Kesha  ,Blow,
  Aurora  ,Animal,
  Pitbull  ,Fireball (Feat. John Ryan),
  Julie London  ,End of the World,
"  Ed Sheeran ,  Travis Scott  ",Antisocial,
  Above Envy  ,Followed,
  Hilary Duff  ,Sleigh Ride,
  Pentatonix  ,God Rest Ye Merry Gentlemen,
  MKTO  ,Superstitious,
  Morten Harket  ,Can`t Take My Eyes Off You,
  Billy Joel  ,An Innocent Man,
  Patti Labelle And Her Blue Belles  ,Danny Boy,
  Jessie J  ,Said Too Much,
  The Real McCoy  ,One More Time,
  Melanie C.  ,If That Were Me,
  Ella Henderson  ,Hard Work,
  Al Jarreau  ,Ain`t No Sunshine / Al Jarreau,
  Natalie Imbruglia  ,Starting Today,
  Dusky Grey  ,Joy Ride,
  Niykee Heaton  ,Devil,
  Justin Bieber  ,Be Alright (Acoustic Version),
  Justin Bieber  ,Christmas Eve (Album Version),
  Christina Perri  ,Sea Of Lovers,
  Fiona Apple  ,Paper Bag,
"  Maria Lynn ,  Toniia  ",All or Nothing,
  Jennifer Lopez  ,Ain`t It Funny (Remix) (Feat. Ja Rule & Caddillac Tah),
  The Swell Season  ,Falling Slowly,
  Gwen Stefani  ,Cheer For The Elves,
  Linda Perry  ,Life In A Bottle,
  Ant Saunders  ,MISCOMMUNICATIONS,
  Bread  ,If (Lp Ver.),
  ABBA  ,King Kong Song,
  Hall & Oates  ,Out Of Touch,
  Vitamin C  ,As Long As You`re Loving Me,
  Sasha Sloan  ,at least i look cool,
  Blue  ,Sorry Seems To Be The Hardest Word (Featuring Elton John),
  Celine Dion  ,Ave Maria,
  Busted  ,Year 3000,
  Anne-Marie  ,Peak,
  New Kids On The Block  ,Single (Feat. Ne-Yo),
  Foy  ,Give Me The Night (Feat. Scott Quinn),
  Mark Ronson  ,L.S.F. (Feat. Kasabian),
  Terror Jr  ,Sad Sad Girl,
  James TW  ,Ex,
  The Bangles  ,Hazy Shade Of Winter,
  Eva Cassidy  ,You Take My Breath Away,
  Pet Shop Boys  ,Leaving,
  Toto  ,I`ll Be Over You,사람 꿈꾸다 사람 차라리 감다 버리다 기도 사람 운명 그냥 지나치다 버리다 도해 당위 없다 변명 없다 그게 우리 사랑 아니다 이유 묻다 말다 시간 걸리다 그걸 알다 그래도 알다 당신 잊다 있다 거란 마음 이상 아프다 않다 기대 조차 않다 되다 영원 있다 당신 잊다 되다 추억 사라지다 우리 맺다 약속 이유 무엇 그대로 않다 당신 안다 언젠가 늘다 잊다 노력 겁니다 언젠가 늘다 언젠가 늘다 당신 잊다 되다
  Megan Nicole  ,Nothing,
  Chris Garneau  ,Not Nice,
  Dean Martin  ,You Belong To Me,
  Sia  ,Move Your Body (Alan Walker Remix),
  Olivia Newton John  ,Xanadu,
  Gus Dapperton  ,Coax & Botany,
"  Sean Paul ,  J. Balvin  ",Contra La Pared,차다 차다 채다 차다 채다 차다 차다 채다 차다 채다 차다 채다 채다 차다 차다 채다 차다 채다
  I Monster  ,Dear John (영국 리버풀 `어크로스 더 유니버스` 불멸하는 이야기),
  Modern Talking  ,No Face No Name No Number,
  Keane  ,Silenced By The Night,
  Idina Menzel  ,Silent Night,
  Kelly Clarkson  ,Dance With Me,
  The Dark Tenor  ,River Flows On The Edge (Feat. 이루마),
  Firehouse  ,I Live My Life For you,
  OMI  ,Cheerleader (Felix Jaehn Remix Radio Edit),
  Liam Payne  ,Remember,
  Crash Test Dummies  ,Mmm Mmm Mmm Mmm,
  Pixie Lott  ,Ain’t Got You,
  Michael Bolton  ,Lean On Me,
  The Real Group  ,Come Sunday,
  Crystalyne  ,Air I Breathe,
  Sarah Connor  ,Sweet Thang,
  Cher Lloyd  ,Dirty Love,
  Janet Jackson  ,I Get Lonely,
  Fantasia  ,Even Angels,
  Sophia Black  ,Vibration,
  Naughty Boy  ,One Way (Feat. Mic Righteous & Maiday),
  Taylor Swift  ,Wildest Dreams (Karaoke Ver.),
  Maisie Peters  ,Stay Young,
  Saint Saviour  ,Mercy,
  Carla Bruni  ,Crazy (Feat. Willie Nelson),
  Gazebo  ,For Anita,
  Lighthouse Family  ,My Salvation,
  Ella Henderson  ,Missed,
  Little Mix  ,Wings,
  PRETTYMUCH (프리티머치)  ,Phases,
  MKTO  ,God Only Knows,
  Meg Mac  ,Give Me My Name Back,
  Juice  ,Not In Love,
  Alessia Cara  ,Ready,
  Madjo  ,Leaving My Heart,
  Leona Lewis  ,Here I Am,
  Tuck & Patti  ,As Time Goes By,
  Virginia To Vegas  ,Emotions,
  Dido  ,Life For Rent,
  HONNE  ,Warm on a Cold Night,
  Caecillia  ,February Rain,
  Shaggy  ,Letter To My Kids,
  Forever In Your Mind  ,Compass,
  Miley Cyrus  ,Fly On The Wall,
  Sweetbox  ,Trying To Be Me,
  Janet Jackson  ,If,
  Charlotte Cardin  ,Faufile,
  Nathan Sykes  ,Kiss Me Quick,
  St. Vincent  ,Digital Witness,
  Rachael Yamagata  ,Elephants (Album Ver.),
  Chris James  ,Summertime Madness,
  Diana Vickers  ,The Boy Who Murdered Love,
  Papa Winnie  ,Rootsie & Boopsie You Are My Sunshine,
  Four Of Diamonds  ,Stupid Things (Feat. Saweetie),
  Diana Vickers  ,Remake Me &amp; You,
  Leo Sayer  ,Easy To Love,
  Emilia  ,Big Big World,
  5 Seconds Of Summer  ,Lie To Me (Acoustic),
  Justin Bieber  ,Running Over (Feat. Lil Dicky),
  Jamie Cullum  ,Boyfriend,
  Scissor Sisters  ,Only The Horses,
  Harper  ,Bad Luck,
  Westlife  ,World Of Our Own,
  D`Sound  ,Talkin` Talk,
  Lemar  ,If There`s Any Justice,
  Olivia O`Brien  ,Empty,
  Destiny`s Child  ,Emotion (The Neptunes Remix),
  Theophilus London  ,Figure It Out (Feat. Devonte Hynes & The Force MD`s) (Bonus Track),
  Brittany Howard  ,Stay High,
  Perry Como  ,I Love You And Don`t You Forget It,
  Billy Raffoul  ,Mental Health (Can`t Do This By Yourself),
  Ed Sheeran  ,Way To Break My Heart (feat. Skrillex),
  Ne-Yo  ,Mad (Ultimix),
  Lenka  ,Skipalong,
  Michael Jackson  ,Black Or White (Single Ver.),
  ABBA  ,"One Man, One Woman",
  Anne Sila  ,Le Monde Tourne Sans Toi (Radio Edit.),
  Cuckoolander  ,Mother Nature,
  Sweetbox  ,Pride,
  Little Mix  ,Turn Your Face,
  Michael Jackson  ,Shake Your Body (Down To The Ground) (Single Edit),
  Ina Wroldsen  ,Haloes (Acoustic),
  Glenn Miller  ,In The Mood (인 더 무드),
  GOSTO  ,I Knew You Better Before,
  Pink  ,Today`s The Day,
  Karoline Kruger  ,You Call It Love,
  Ariana Grande  ,7 rings,
  Michael Jackson  ,A Place With No Name,
"  Tony Bennett ,  Amy Winehouse  ",Body And Soul,
  Boy In Space  ,On A Prayer (feat. SHY Martin),
  Jamie Cullum  ,Bury A Friend,
  Eva Cassidy  ,Imagine,
  Blue System  ,"Thank God, It`s Friday Night",
  Jacob Sartorius  ,Selfish,
  Janet Jackson  ,SloLove,
  Celine Dion  ,Encore Un Soir (Album Ver.),
  Blue  ,Best In Me,
"  Daryl Hall ,  John Oates  ",You Make My Dreams,
  Michael Jackson  ,Slave To The Rhythm,
  Human Nature  ,Stand By Me,
  Modern Talking  ,Cheri Cheri Lady,
  Pentatonix  ,Hallelujah,
  Jake Bosci  ,Abbot Kinney,
  Kilo Kish  ,BOTH SIDES,
  Melanie C.  ,I Turn To You (Hex Hector Radio Mix),
  J.Fla  ,Stressed Out,
"  Bea Miller ,  Snakehips  ",NEVER GONNA LIKE YOU,
  Louis Yoelin  ,Shy Girl,
  ABBA  ,"My Love, My Life",
  Jack Vandervelde  ,My Mind (Acoustic),
  The Osmonds  ,Long Haired Lover From Liverpool,
  Tom Odell  ,Another Love,
"  Nicky Romero ,  Anouk  ",Feet On The Ground,
  Various Artists  ,Bridge Over Trouble`d Water,
  Sabrina Carpenter  ,Thumbs,
  Michael Jackson  ,Keep The Faith,
  Tana Mongeau  ,Fuck Up,
  Madonna  ,I Don`t Give A (Feat. Nicki Minaj),
  Zara Larsson  ,So Good (Feat. Ty Dolla $ign) (GOLDHOUSE Remix),
  Ben Folds  ,Still Fighting It,
  C-Note  ,I Like,
  Harry Styles  ,She,
  Sabrina Carpenter  ,Diamonds Are Forever,
  The Ludvig  ,I`m in Love With You,
  Frank Walker  ,Stitch Em Up (feat. Justin Jesso),
  Vazquez Sounds  ,Let It Be,
  Lapsley  ,Brownlow,
  Barry Manilow  ,Looks Like We Made It,
  Yonezu Kenshi  ,Petrichor,코레 메카 레나 이건 일지 모르다 후카 리노 타치 메타 바쇼 깊다 안개 토리 아루키 츠즈케타 혼자 계속 걷기 시작 도코 크다 와카 마마 어디 가다 모르다 이마 나다 아테 나쿠 갈다 곳도 없이 미모 미츠 카라즈 의미 찾다 헤매다 코코 유레루 비다 코노 우미 마음 흔들리다 바다 레인 코토오 하우 스이테키 하지케테 오다 이쿠 우비 기다 물방울 터지다 떨어지다 가다 므나 시사 마다 츠놋테 이쿠 공허하다 아직 쌓이다 있다 마타 보쿠 다이지 코토오 와스 레테 사마요 보우 레이 다시 소중하다 잃다 헤매다 망령 이츠마데 탓테모 에나 아무리 시간 지나다 노래 없다 마치 가이사 와카 나이 잘못 조차 모르다 코코 이마 쿠우쿄 메다 카이토 소우 이콘 여기다 공허하다 세계 믿다 보쿠 아루이테쿤닷테 걸어가다 있다 사케 카레 타마마 소릴 지르다 지치다 코레 메카 레나 이건 일지 모르다 토스 레바 이츠 메루 노카 언제 깨다 걸다 모시 메누 유메 혹시 깨다 없다 꾸다 소레 유메토 요베루 로우 그것 있다 타이 카라 다니다 카에루 아메 후리 무겁다 막히다 내리다 킷토 마다 코코 유레루 타룬다 쿠우 분명 아직 마음 흔들리다 공기 이산보 츠보미 키오 츠키 믓테 이루 태산목 꽃봉오리 내쉬다 잠들다 있다 므나 시사 마다 츠놋 이쿠 공허하다 아직 쌓이다 가다 쵸시테 도우 모나 사마요 보우 레이 무섭다 주저 어쩔 수가 없이 헤매다 망령 레카 세이 마이타이 누군가 버리다 싶다 소레스 도우 카시 코코 이마 쿠우쿄 메다 그것 어렵다 여기다 공허하다 카이토 소우 이콘 타다 타다 소우 모이 콘데 세상 믿다 그냥 그렇게 믿다 므나 시사 노시 카카 공허하다 짓눌리다 마타 보쿠 다이지 코토오 와스 레테 사마요 보우 레이 다시 소중하다 잃다 헤매다 망령 이츠마데 탓테모 에나 아무리 시간 지나다 노래 없다 마치 가이사 와카 나이 잘못 조차 모르다 코코 이마 쿠우쿄 메다 카이토 소우 이콘 여기다 공허하다 세계 믿다 보쿠 아루이테쿤닷테 걸어가다 있다 사케 카레 타마마 소릴 지르다 지치다 아루키 츠즈케 타마마 계속 걷다
  Why Don`t We  ,Come To Brazil,
  Nico & Vinz  ,Our Love,
  Mariah Carey  ,Petals,
  Arin Ray  ,Who Came Up Missin,
  Justin Bieber  ,One Less Lonely Girl (Album Version),
  Atomic Kitten  ,The Tide Is High (Get The Feeling),
  Debbie Gibson  ,Electric Youth ,
  Smokey Robinson  ,Speak Low (Album Ver.),
  Olly Murs  ,Love Me Again,
  Motley Crue  ,Shout At The Devil,
  Sara Bareilles  ,Machine Gun,
  Thirty Seconds To Mars  ,Walk On Water,
  Halsey  ,Angel On Fire,
  Paul Simon  ,Loves Me Like A Rock,
  Ava Max  ,My Way,
  Danny & The Veetos  ,Alright,
  Carla Bruni  ,Dolce Francia (Live),
  Conor Maynard  ,Another One,
  Katy Perry  ,California Gurls (Feat. Snoop Dogg),
  Simon & Garfunkel  ,April Come She Will,
  YUNGBLUD  ,Die A Little,
"  Zac Efron ,  Zendaya  ",Rewrite The Stars,
  Foxes  ,Wicked Love,
  Putochinomaricon  ,No Quiero Salir,
  Tom Odell  ,Half As Good as You (feat. Rae Morris),
  MGMT  ,Congratulations,
  Adam Lambert  ,Time For Miracles,
  Avril Lavigne  ,Goodbye,
  Human Nature  ,Walk the Tightrope,
  Ashley Tisdale  ,Hot Mess,
"  Lewis Capaldi ,  Delta Jack  ",Bruises (Delta Jack Remix),
  Avonlea  ,Big Kid,
  Christina Aguilera  ,Oh Holy Night,
  Tim Kamrad  ,Heartbeat,
  Mariah Carey  ,Emotions (Club Mix),
  Ewan McGregor  ,El Tango De Roxanne,
  Sabrina  ,Treasure,
  Alesso  ,Heroes (we could be) (Feat. Tove Lo),
  Ria Mae  ,Bend,
  Madonna  ,Get Together (Album Ver.),
  Jennifer Lopez  ,I`m Real (Murder Remix Feat. Ja Rule-Clean Version),
  Why Don`t We  ,Friends,
  N Sync  ,Girlfriend,
  Iselin  ,Lost,
"  Liberty ,  City  ",I Met Her In Miami,
  Kylie Minogue  ,No More Rain,
  Stacey Kent  ,If I Had You,
  Mabel  ,Thinking Of You (Feat. AJ Tracey) (Cadenza Remix),
  Royal Estate  ,Pacing,
  Bazzi  ,Who Am I?,
  Shirley Bassey  ,Big Spender,
  Machine Gun Kelly  ,why are you here,
  Eric Benet  ,The Last Time,
  C21  ,When Your Love Is Too Far,
  Leona Lewis  ,Alive,
"  M.I.L.K. ,  Benny Sings  ",Prisoner,
  Stefanie Heinzmann  ,Falling,
  Pixie Lott  ,Gravity,
  Julia Kedhammar  ,Everywhere,
  Luke McMaster  ,"Good Morning, Beautiful (Feat. Jim Brickman)",
  Tommee Profitt  ,In The End (Mellen Gi Remix) (Feat. Fleurie),
  Bahari  ,California,
  Peabo Bryson & Roberta Flack  ,Tonight I Celebrate My Love,
  Enrique Iglesias  ,Takin` Back My Love (Feat. Sarah Connor),
  Jae Jin  ,All Caught Up,
  Guy Sebastian  ,Small Talk,
  Angel Olsen  ,New Love Cassette,
  Sharleen Spiteri  ,The Sound Of Silence,
  Feng Suave  ,Noche Oscura,
  Eric Benet  ,Cracks Of My Broken Heart,
  Portrait  ,I Can Call You,
  Pet Shop Boys  ,Suburbia,
  N Sync  ,Pop,정말 사람 우리 대해 듣다 지겹다 가수 인기 인기 언제 사라지다 끄다 이야기 너희 두다 가지다 우리 유행 아니다 우리 타고나다 음악 있다 마지막 지키다 나가다 너희 우리 이르다 저러다 달다 우리 우리 좋아하다 자다 있다 어디 한번 똑같이 해주다 우리 주위 시기 질투 느끼다 지겹다 그냥 일이 우린 우리 너희 정말 모르다 이렇다 전혀 중요하다 않다 타다 걸리다 보석 따위 정말 중요하다 너희 존중 문제 깨닫다 거지 전혀 중요하다 않다 입다 장소 이유 따위 정말 중요하다 노래 너희 우리 매번 그렇게 만들다 거지 너희 한번 궁금하다 생각 보다 없다 음악 너희 이렇게 신나다 건지다 너희 서서히 흔들리다 시작 멈추다 해도 멈추다 없다 이미 음악 완전하다 빠지다 이렇다 바로 이렇다 노래 지겹다
  Jess Glynne  ,Gave Me Something,
  Michael Jackson  ,The Way You Make Me Feel,
  George Ezra  ,Paradise,
  Lindsay Lohan  ,Rumors,
  Demis Roussos  ,When Forever Has Gone,
  Lana Del Rey  ,Dark Paradise,
  J.Fla  ,Bohemian Rhapsody,
  Ricky Martin  ,Vida (Spanish Ver.),미신 빠지다 검다 고양이 부두교 마법 인형 불길하다 예감 들다 완전하다 사로자다 같다 새롭다 자극 찾다 촛불 밝히다 새롭다 스릴 즐기다 매일 밤낮 새롭다 중독 빠져들다 당신 벗기다 빗속 춤추다 만들기 당신 광란 생활 만들다 당신 고통 없애다 총알 머리 박히다 고통 섞이다 뜨겁다 열정 살다 당신 밀다 당기다 겁니다 뜨겁다 열정 살다 입술 악마 붉다 피부 모카 랍니 당신 완전하다 지치다 뜨겁다 열정 살다 뜨겁다 열정 뉴욕 허름 싸구려 호텔 보다 마음 가져가다 버리다 가져가다 버리다 나다 모르다 사이 수면제 먹이다 틀림없다 그냥 말다 비싸다 프랑스 샴페인 주문 일단 매력 나다 당신 이상 같다 사람 없다 당신 미치다 버리다 당신 벗기다 빗속 춤추다 만들기 당신 광란 생활 만들다 당신 고통 없애다 총알 머리 박히다 고통
"  Jermaine Jackson ,  Pia Zadora  ",When The Rain Begins To Fall (서울패밀리 `이제는` 원곡),
  Andreas Johnson  ,Glorious,
  Black Coast  ,Trndsttr (Feat. M. Maggie) (Lucian Remix),
  Elias  ,Scars,
  The Moody Blues  ,For My Lady,보트 폭풍 바다 항해 눈물 채우다 대양 헤치다 드디어 항구 보이 당신 발견 인생 기꺼이 드리다 우아하다 여인 위해 아낌없이 전부 드리다 여인 인생 미풍 흘러가다 한숨 내쉬다 고개 숙이다 당신 나지막하다 울음소리 들다 있다 우리 외롭다 당신 행동 효과 있다 하나 당신 사랑 태양 항해 느끼다 나누다 모두
  Laura Doggett  ,Searching,
  Prince  ,Life `O` The Party,
  HRVY  ,Told You So,
  BØRNS  ,Seeing Stars,
  Mariah Carey  ,Can`t Take That Away,
"  Topic ,  Vigiland ,  Christopher  ",Let Us Love,
"  WENGIE ,  민니 ((여자)아이들)  ",EMPIRE - Korean Ver.,이루다 모두 보다 아무 넘다 없다 이루다 나르다 보다 나르다 보다 아무 넘다 없다 들다 보다 느끼다 보다 내려놓다 모두 보라 왕관 빛나다 자리 소장 따르다 보다 매일 불다 이제 그리다 이루다 모두 보다 아무 넘다 없다 이루다 나르다 보다 나르다 보다 아무 넘다 없다 들다 보다 느끼다 보다 내려놓다 모두 보라 왕관 빛나다 모든 벗다 비추다 마시다 원한 기대다 차갑다 돌아서다 바로 입술 불다 이루다 모두 보다 아무 넘다 없다 이루다 나르다 보다 나르다 보다 아무 넘다 없다 들다 보다 느끼다 보다 내려놓다 모두 보라 왕관 빛나다
  Angel Olsen  ,Lark,
  Miss Li  ,Tuck You In,
  Lukas Graham  ,Funeral,
  Blue  ,When Summer`s Gone,
  Northern Lite  ,Treat Me Better (Original Ver.),
  Carlie Hanson  ,Numb,
  Lara Fabian  ,No Big Deal,
  Joe Cocker  ,Two Wrongs,
  Sabrina  ,We Are Never Ever Getting Back Together,
"  Youngr ,  Endor  ",Give It Up (Youngr x Endor),
  J.Fla  ,Hand In Hand,높이 솟다 우리 가슴 동치 이제 모두 일어나다 영원하다 함께 살아가다 나서다 잡고 넘어서다 우리 살다 세상 더욱 살기 좋다 잡고 넘어서다 서로 서로 사랑 한마음 되다 손잡다 손잡다
  Svala  ,Close To You,
  Laleh  ,The End,
  Westlife  ,Try Again,
  Tyde Levi  ,AAA,
  U.S. Girls  ,Mad As Hell,
  Coldplay  ,Sparks,
  Nelly Furtado  ,Say It Right (Radio Edit),
  Tegan And Sara  ,"Hey, I`m Just Like You",
  Delta Goodrem  ,Just Call,
  Paul Simon  ,Kodachrome,
  Aldous Harding  ,Imagining My Man,
  Naughty Boy  ,La La La (Feat. Sam Smith),
  Kuwada  ,Cherry Cola,
  Michelle Branch  ,Are You Happy Now?,
  Jamiroquai  ,Automaton,
  LunchMoney Lewis  ,Whip It! (Feat. Chloe Angelides),
  Glenna Bree  ,How Long Has It Been,
  Jasmine Sokko  ,1057,
  Bread  ,Baby I`m-A Want You (LP Ver.),
  Various Artists  ,Melancolie,
  Sharlene San Pedro  ,Everything Will Be Alright,
  Britney Spears  ,"I`m Not A Girl, Not Yet A Woman (Remastered)",
  Justin Timberlake  ,Sexy Ladies / Let Me Talk To You Prelude,
  Paul McCartney  ,One Of These Days (2011 Remaster),
  D`Sound  ,Real Name,
  Electric Light Orchestra  ,Last Train To London,
  Cherie  ,Betcha Never ,
  Celine Dion  ,Heart of Glass,
  The Chainsmokers  ,It Won’t Kill Ya (Feat. Louane),
  The Piano Guys  ,Just The Way You Are,
  Troye Sivan  ,The Fault In Our Stars (MMXIV),
  James Arthur  ,Remember Who I Was,
  Faces On TV  ,The Image Of Boy Wonder,
  Why Don`t We  ,Just To See You Smile,
  James Arthur  ,I Am,
  One Direction  ,I Should Have Kissed You,
  Clara Mae  ,Sorry For Writing All The Songs About You,
  Billy Lockett  ,Empty House,
  The Real Group  ,Cage Of Promises,
  Five  ,Straight Up Funk,
  Celine Dion  ,S`il Suffisait D`aimer (Live In Quebec City),
  Olly Murs  ,Seasons,
  Ellie Goulding  ,Hollow Crown,
  Feels  ,Thrill (Feat. Melii),
  Backstreet Boys  ,Christmas Time,
  Boyzone  ,Because,
  Demi Lovato  ,Every Time You Lie,
  Natasha Bedingfield  ,Soulmate (Bimbo Jones Clubmix),
  Gil  ,If You Only Knew,
  Yuna  ,Come Back,
  Maria Mena  ,All This Time (Pick-Me-Up Song),
  Justin Bieber  ,U Smile,
  J.Fla  ,Tired,
  Nina  ,Love Moves In Mysterious Ways (Live),
  Ed Sheeran  ,Kiss Me,
  Johnny Balik  ,OMW,
  Better Than Ezra  ,Juicy,
  Shakira  ,Waka Waka (Esto Es Africa) (Feat. Freshlyground),
"  Robin Schulz ,  Lilly Wood ,  The Prick  ",Prayer In C (Robin Schulz Remix),
  The Bird And The Bee  ,Will You Dance?,
  Frances  ,Don`t Worry About Me,
  Lara Fabian  ,Je Suis Malade,
"  Calvin Harris ,  Rag`N`Bone Man  ",Giant,
  James Arthur  ,You Deserve Better,
  Caro Emerald  ,The Ghost Of You,
  Ady Suleiman  ,So Lost,
  Drop out  ,More (Feat. Ryan Ellis),
  Atomic Kitten  ,Locomotion,
  Atomic Kitten  ,The Tide Is High (Get The Feeling) (Radio Mix),
  Fifth Harmony  ,Them Girls Be Like,
  Totem  ,All Falls Down,
  Muna  ,Winterbreak,
  C-Note  ,Right Next To Me,
  The 5th Dimension  ,Monday Monday,
  Celine Dion  ,Fade Away,
  Madonna  ,Bad Girl (Album Version),
  Taylor Swift  ,Lover,
  Timeflies  ,I Choose U (Album Version),
  Will Young  ,Silent Valentine,
  Beyonce  ,Don`t Hurt Yourself (Homecoming Live),
  Jamiroquai  ,Dynamite,
  Pentatonix  ,Coventry Carol,
  Shawn Mendes  ,Under Pressure (Feat. teddy<3),
  Pixie Lott  ,Here We Go Again,
  Jeronimo  ,When I`m Gone (Cups),
  Katy Perry  ,The One That Got Away (7th Heaven Club Mix),
  Orkid  ,So Rude,
  Joan Thiele  ,Heartbeat,
  Prince Royce  ,Handcuffs,
  Chris Garneau  ,The Cats & Kids,
  somegirlnamedanna  ,hello i am,
  Pixie Lott  ,Perfect,
  Sarah McLachlan  ,I Will Remember You,
  Abraham Mateo  ,If I Can`t Have You,
  Carry & Ron  ,I.O.U.,당신 믿다 있다 당신 영원하다 바꾸다 놓다 또한 같다 사람 다시다 찾다 당신 당신 수명 오래 살기 바라지 당신 베풀다 돌려주다 위해 그것 당신 그렇게 믿다 뿐이다 당신 지고 있다 아침 햇살 모든 사랑스럽다 시간 빼앗다 갈다 없다 당신 지고 있다 현재 이상 어느 그것 가장 알다 영원하다 갚다 당신 놀라다 당신 바로 위해 산다 당신 아시 당신 포옹 있다 당신 바로 있다 있다 당신 미소 보내다 않다 없다 놀라다 당신 내다 당신 위해 모든 왜냐하면 혼자 있다
  Public Announcement  ,Slow Dance,
  J.Fla  ,Happier,
  Christopher  ,Famous,
  The Beach Boys  ,Ding Dang,
  Nelly Furtado  ,Too Good,
  Isak Danielson  ,Playing Love,
  Lolo  ,Not Gonna Let You Walk Away (Tennessee Mix),
  Kiddo  ,Trouble,
  Shirley Bassey  ,No Good About Goodbye,
  Kesha  ,Your Love Is My Drug,
  MIKA  ,Celebrate (Feat. Pharrell Williams),
  Nova Miller  ,Turn Up the Fire,
  Phildel  ,The Wolf,
  Beyonce  ,Daddy Lessons (Feat. Dixie Chicks),
  Ed Sheeran  ,Eraser,
  Wouter Hamel  ,I’ll Be Free (demo version-bonus track),
  Nana Mouskouri  ,Only Love,
  Aviva  ,Wild,
  E-Type  ,Here I Go Again,
  Mr. Mister  ,Kyrie,
  Dami Im  ,I Hear a Song,
  Dschinghis Khan  ,Corrida,
  Rachael Yamagata  ,Miles On A Car,
  Group 1 Crew  ,Let It Roll,
  Weird Al Yankovic  ,Handy,
  Leo Sayer  ,More Than I Can Say,
  MKTO  ,Wasted,
  Taylor Swift  ,Delicate,
"  이민 (Coco Lee, 李玟)  ",Before I Fall In Love,
  Jay Sean  ,Emergency,
  Guy Sebastian  ,All I Need Is You (Acoustic Ver.),
  Labrinth  ,Where The Wild Things,
"  Cleo Laine ,  John Williams  ",He Was Beautiful,
  Tyler Shaw  ,It Happens All the Time,
  Paul McCartney  ,Carry That Weight,
  Sia  ,Big Girls Cry,
  Leonard Cohen  ,Nevermind,
"  Calum Scott ,  Leona Lewis  ",You Are The Reason (Duet Ver.),
  Lana Del Rey  ,Beautiful People Beautiful Problems (Feat. Stevie Nicks),
  Beyonce  ,Halo (Dave Aude Club Remix),
  Josh Groban  ,Vincent,
  Josh Groban  ,Bring Him Home (레미제라블),
  Pentatonix  ,Can`t Sleep Love,
  Billie Eilish  ,bad guy,
  Club 8  ,Hopes And Dreams,
  She & Him  ,Christmas Memories,
  The Collective  ,Lazy Love,
  Ne-Yo  ,Because Of You,
  Eruption  ,One Way Ticket,
  Juan Magan  ,"Claro Que Si (Feat. Hyenas, Mohombie, Yasiris)",채다 채다 채다 차다 채다 채다 차다 차다 채다 채다 채다 차다 채다 채다 차다 차다
  Britny Fox  ,Dream On,
  Mariah Carey  ,Bye Bye,
  Will Jay  ,Settled In My Ways,
  Joanna Wang  ,For No Reason,
  Mariah Carey  ,Crybaby,
  Avril Lavigne  ,Imagine (Album Ver.),
  Josie Dunne  ,Old School (Acoustic),
  Celine Dion  ,When I Need You,
  Billy Ocean  ,Love Is Forever,
  Britney Spears  ,...Baby One More Time (Davidson Ospina 2005 Remix),그대 있다 뭔가 되어다 그대 당신 보내다 말다 이제 당신 사라지다 버리다 알다 원하다 해주다 싶다 왜냐면 외로움 때문 견디다 수가 없다 고백 아직 믿다 있다 아직 믿다 있다 당신 함께 있다 않다 정신 차리다 수가 없다 내다 손짓 해주다 한번 만나다 그대 숨쉬다 이유 당신 때문 그대 멀다 아름답다 그대 이제 없다 이건 계획 해오다 아니다 알다 원하다 해주다 그대 싶다 왜냐면 외로움 때문 견디다 수가 없다 고백 아직 믿다 있다 아직 믿다 있다 당신 함께 있다 않다 정신 차리다 수가 없다 내다 손짓 해주다 번만 만나다 그대 있다 아름답다 그대 당신 보내다 말다 고백 외로움 때문 견디다 수가 없다 아직 믿다 있다 모르다 당신 있다 내다 손짓 해주다 한번 만나다 외로움 때문 견디다 수가 없다 고백 아직 믿다 있다 아직 믿다 있다 당신 함께 있다 않다 정신 차리다 수가 없다 내다 손짓 해주다 한번 만나다
  Kelly Clarkson  ,Chivas (Hidden Track),
  Guy Sebastian  ,Candle,
  Melba Moore  ,Livin` For Your Love,
  Blue  ,If You Come Back,
  Kesha  ,Party At A Rich Dude`s House,
  Lily Allen  ,Pushing Up Daisies,
  Gabrielle Aplin  ,Until The Sun Comes Up,
  Shawn Colvin  ,When You Know,
  Rumer  ,Brave Awakening,
  Madonna  ,Deeper And Deeper,
  Shakira  ,Rabiosa (Feat. Pitbull),
"  88rising ,  Joji ,  GENERATIONS from EXILE TRIBE  ",Need Is Your Love,
  Taylor Swift  ,You Need To Calm Down,
  Mr. Probz  ,Waves (Robin Schulz Remix) (Feat. Chris Brown & T.I.),
  Rihanna  ,What`s My Name? (Feat. Drake),
  Jonas Brothers  ,Mandy,
  Gloria Estefan  ,I`m Not Giving You Up (Single Remix),
  Various Artists  ,Stuck,
  Kathy Linden  ,Goodbye Jimmy Goodbye (제임스 딘 추모곡),
  Panic! At The Disco  ,The Only Difference Between Martyrdom And Suicide Is Press Coverage,
  Mabel  ,Ride Or Die,
  N Sync  ,I Want You Back,
  Joe Jonas  ,Gotta Find You,
  Charlie Puth  ,Nothing But Trouble (Instagram Models) (Dance Remix),
  Four Of Diamonds  ,Eating Me Up,
  Spencer Sutherland  ,Sweater,
  Rita Ora  ,Falling to Pieces,
  M.Y.M.P  ,Baby Don`t You Break My Heart Slow,
  Bruno Major  ,Easily,
  Crystal Waters  ,100% Pure Love,
  Clay Aiken  ,Here You Come Again,
  Hilary Duff  ,Shine,
  Why Don`t We  ,Never Know,
  MS MR  ,Ash Tree Lane,
  Christopher  ,CPH Girls,
  The Real Group  ,Substitute For Life,
  Ellie Goulding  ,Home,
  Bob Marley  ,Rebel Music (3`Oclock Road Block),
  Anne Murray  ,I Just Fall In Love Again,
  Glenna Bree  ,Superstitious,
  N Sync  ,Best Of My Life,
  Lou Christie  ,Saddle The Wind (바람에 실려),
  Lenny Kravitz  ,Little Girl`s Eyes,
  Pentatonix  ,Up On The Housetop,
  Pet Shop Boys  ,Winner (2017 Remastered Ver.),
  Keren Ann  ,End Of May,
  Selena Gomez  ,Like A Champion,
  The Carpenters  ,I Have You,
  Lenny Kravitz  ,What Did I Do With My Life?,
"  Lana Del Rey ,  Cedric Gervais  ",Summertime Sadness (Lana Del Rey Vs. Cedric Gervais) (Cedric Gervais Remix),
  Yoshi Flower  ,necklace (prologue),
  Beyonce  ,I Been On (Homecoming Live Bonus Track),
"  Justin Timberlake ,  Gwen Stefani ,  Ron Funches  ",Hair Up,
  D`Sound  ,If You Get Scared,
  Various Artists  ,I Just Called To Say I Love You,
  Justin Bieber  ,Fall (Album Version),
  Barbra Streisand  ,Lost Inside Of You,
  Cook Da Books  ,Your Eyes,
  Hush Kids  ,Make These Colors Real,
  Dawn Penn  ,"You Don`t Love Me (No, No, No) [Extended Mix]",
  Alice Cooper  ,You And Me,
  Jake Miller  ,Parade,
  Lana Del Rey  ,Florida Kilos,
  Karmin  ,I`m Just Sayin`,
  Ana Johnsson  ,I`m Stupid,
  Culture Club  ,Time (Clock Of The Heart),
  Karla Bonoff  ,Baby Don`t Go,
  Britney Spears  ,Me Against The Music,
"  Justin Jesso ,  Nina Nesbitt  ",Let it Be Me,
  Maria Lynn  ,Summer`s Gone,
  Pink  ,Are We All We Are,
  Patti Page  ,Tennesseen Waltz (테네시 왈츠),
  Sophia Somajo  ,Mouth To Mouth,
  Lenka  ,Get Together,
  Celine Dion  ,Because You Loved Me (Album Ver.),
  Will Joseph Cook  ,For Thursday,
  Mat Kearney  ,Money,
  Expose  ,Come Go With Me,
  Will.I.Am  ,Heartbreaker (Remix) (Feat.Cheryl Cole),
  Tim Atlas  ,Tangerine,
  London Grammar  ,Darling Are You Gonna Leave Me,
  Finneas  ,Let`s Fall in Love for the Night,
  Madonna  ,Justify My Love,
  Faouzia  ,This Mountain,
  Britney Spears  ,Make Me... (Feat. G-Eazy),
  Sweetbox  ,Cinderella,
  Liv Dawson  ,Somewhere Good,
  Michael Jackson  ,Shoo-Be-Doo-Be-Doo-Da-Day,
  Spagna  ,Call Me,
  Shane Filan  ,Make You Feel My Love,
  JTR  ,Touchdown,
  Jimmy Buffett  ,Makin` Music For Money,
  Jake Isaac  ,New York,
"  LSD (Sia, Diplo and Labrinth)  ",Welcome to the Wonderful World of,
  Nathan Sykes  ,Taken,
  Raury  ,Friends (Feat. Tom Morello),
  Justin Bieber  ,Thought Of You (Album Version),
  George Ezra  ,Pretty Shining People,
  MØ  ,Fire Rides (Night Ver.),
  Lady GaGa  ,Marry The Night (The Weeknd & Illangelo Remix),
  Daste  ,Palette,
  Michael Jackson  ,Human Nature,
  Phil Good  ,Do You Ever?,
  Clare Maguire  ,Break These Chains,
  Trevor Wesley  ,Chivalry Is Dead (Acoustic Bonus Track),
  J.Fla  ,Are You My Villain (SJUR Remix),
  Britney Spears  ,Born To Make You Happy,
  Marc Anthony  ,When I Dream At Night,
  Noah & The Whale  ,2 Atoms In A Molecule,
  The Beach Boys  ,Sloop John B,
  Anne-Marie  ,Birthday,
  Bert Kaempfert  ,Wonderland By Night (이용복 `밤하늘의 연가` 원곡인  베르트 켐페르트 악단의 `밤하늘의 부르스`),
  Prince Royce  ,With You,
  Norah Jones  ,After The Fall,
  Billie Eilish  ,ocean eyes,
  R5  ,Smile,
  Lisa Mitchell  ,Neopolitan Dreams,
  Colbie Caillat  ,Hoy Me Voy (Feat. Juanes),
  Freya Ridings  ,Lost Without You,
  Ariana Grande  ,fake smile (live),
  Celine Dion  ,Recovering,
  OneRepublic  ,Somebody To Love,
  Mitch James  ,All The Ways To Say Goodbye,
  Juris  ,I Have Someone In My Heart (애인 있어요),
  Julio Iglesias  ,Guantanamera,
  Kelly Clarkson  ,4 Carats,
  A-Teens  ,A Perfect Match,
  Lea Michele  ,Christmas in New York,
  Brook Benton  ,This Time Of The Year (Single Version),
"  Los ,  Dioses  ",Think Of Me,
  Sleeping At Last  ,Atlas: Six,
  MAX  ,Ms. Anonymous (Feat. Jared Evan),
  Marianne Faithfull  ,As Tears Go By,
  ABBA  ,Two For The Price Of One,
  Nick Jonas  ,Take Over,
  Nick Jonas  ,Levels,
  Cast  ,Fine Time,
  Various Artists  ,Winner (위너),
  Anne-Marie  ,Some People,
  Johnny Horton  ,All for the Love of a Girl,
  Neil Sedaka  ,Laughter In The Rain (With Dara Sedaka),
  Natural  ,Now Or Never,
  Taylor Swift  ,I Know Places,
  Urban Cone  ,Blue,
  George Michael  ,"Monkey (7"" Edit)",
  Anna Of The North  ,Baby (Felix Cartal Remix),
  Lily Allen  ,Never Gonna Happen,
  Del Shannon  ,Handy Man,
  Michael Buble  ,You`ve Got A Friend In Me,
  Ariana Grande  ,Right There (Feat. Big Sean),
  Jessie Ware  ,Champagne Kisses (Tcts Remix),
  Kelly Clarkson  ,Tip Of My Tongue,
  Justin Bieber  ,Get Used To It,
  Michael Buble  ,I`m Beginning To See The Light,
  New Hope Club  ,Love Again,
  Jennifer Lopez  ,"Feelin` So Good (Feat. Big Pun, Fat Joe)",
"  Imad Royal ,  FRND  ",Love Is Dead,
  Jamiroquai  ,Light Years (Half The Man),
  J.Fla  ,The Ocean,
  Bea Miller  ,Like That,
  Pink  ,18 Wheeler,
  Meg Mac  ,I`m Not Coming Back,
  Norah Jones  ,Light As A Feather,
  Jai Waetford  ,Lost In You,
  Jason Mraz  ,93 Million Miles,
  Tom Odell  ,If You Wanna Love Somebody,
  Pixie Lott  ,Kiss The Stars,
  Westlife  ,The Rose,
  Abraham Mateo  ,Senorita,
  Kat Deluna  ,Push Push (Feat. Akon),
  Alessia Cara  ,OKAY OKAY,
"  이민 (Coco Lee, 李玟)  ",I Will Be Your Friend,
  Olivia Dean  ,Ok Love You Bye,
  Leon Else  ,My Kind Of Love,
  Sheena Easton  ,Magic Of Love,
  St. Vincent  ,Prince Johnny,
  Tash Sultana  ,Harvest Love,
  Mae Muller  ,Pull Up,
  Rihanna  ,Same Ol` Mistakes,
  Gabrielle Aplin  ,Panic Cord,
  Cyrus  ,Dancing On My Own,
  Shakira  ,Don`t Bother,
  Glenn Medeiros  ,The Little Drummer Boy,
  Leonard Cohen  ,"So Long, Marianne",
  Will Young  ,Runaway,
  Terror Jr  ,Do Or Die,
  Lana Del Rey  ,The Next Best American Record,
"  Tove Lo ,  Lucas Nord  ",Run On Love (QOTC Edit),
  Alexi Murdoch  ,Shine,
  France  ,Clouds,
  Various Artists  ,Tell Me All About It,
  Babyface  ,"How Come, How Long(Feat. Stevie Wonder)",
  Troye Sivan  ,LOST BOY,
  Syml  ,Where`s My Love (Radio Edit),
  Pink  ,Please Don`t Leave Me,
  A Great Big World  ,When The Morning Comes,
  Barbra Streisand  ,Watch Closely Now,
  Perry Como  ,And I Love You So,
  Big Time Rush  ,Count On You (Feat. Jordin Sparks),
  Ellie Goulding  ,Hanging On (Feat. Tinie Tempah) (Full Length Ver.),
  Chris Garneau  ,Things She Said,
  Becky G  ,NO TE PERTENEZCO,
  Ava Max  ,So Am I (Martin Jensen Remix),
  Justin Guarini  ,Timeless (Duet With Kelly Clarkson),
  Boy George  ,The Crying Game,
  Lenka  ,Shock Me Into Love,
  Colbie Caillat  ,If You Love Me Let Me Go,
  Kesha  ,Boots & Boys,
  Yves Montand  ,Autumn Leaves,그대 기억 간절하다 원하다 우리 정다웠었던 행복하다 그때 더욱 아름답다 태양 오늘 낙엽 무수 나뒹굴다 낙엽 무수 나뒹굴다 추억 미련 마찬가지 북풍 낙엽 실어 나르다 망각 보다 잊어버리다 않다 그대 내다 들려주다 노래 그건 곡조 노래 우리 닮다 그대 나르다 사랑 그대 사랑 우리 함께 살다 나르다 사랑 그대 그대 사랑 삶다 사랑 사람 가르다 아무 소리 내지 않다 아주 바다 모래 새기다 갈라 연인 발자국 지우다 버리다 낙엽 무수 나뒹굴다 추억 미련 마찬가지 은밀 변하다 없다 사랑 항상 미소 짓다 감사 드리다 너무나 그대 사랑 그대 너무도 예쁘다 그대 잊다 달라 건가 그땐 더욱 아름답다 태양 오늘 그대 가장 감미롭다 친구 미련 없이 지내다 있다 그대 부르다 노래 언제나 언제나 듣다 있다
  George Michael  ,They Won`t Go When I Go,비참하다 종말 맞이 위선 친구 이상 원하다 않다 거짓 시늉 나르다 따르다 않다 슬픔 버겁다 고통스럽다 마음 처음 바로 존재 해오다 나르다 따르다 않다 원하다 갈다 아주 오래도록 눈물 없다 멀다 고통스럽다 외침 떠나다 슬픔 젖다 눈물 멀리 주님 함께 살다 갈다 함께 가지 않다 소심하다 있다 나약하다 사람 굳다 버티다 기도 몰락하다 보다 가다 따르다 않다 원하다 갈다 아주 오래도록 눈물 없다 멀다 악인 선인 오도 쉬다 있다 순수하다 사람 떠나다 말다 그저 재미 죄악 저지르다 사람 절대 태양 수가 없다 얼굴 한번 보이다 없다 들이다 아무렇다 희망 없다 많이 받다 죄인 내주다 없다 절대 베풀다 않다 탐욕 내다 가까이 오다 없다 영혼 자유롭다 나르다 따르다 오지 않다 영혼 믿음 속이다 하느님 나라 나르다 따르다 않다 이기 가야 가다 아무 없다 내다 주어지다 운명
"  Sigala ,  Becky Hill  ",Wish You Well,
  David Foster  ,After The Love Has Gone,
"  Raury ,  RZA  ",CPU,
  Kylie Minogue  ,Oh Santa,
  Mike Shinoda  ,Watching As I Fall,
  Grace VanderWaal  ,Beautiful Thing,
  Barry Manilow  ,Put Your Dreams Away,
  Hannah Montana  ,The Best Of Both Worlds,
  Austin Mahone  ,Except For Us,
  Gabriella Cilmi  ,Sanctuary,
  Rachael Yamagata  ,1963,
  Pink  ,Ave Mary A,
  Union J  ,Loving You Is Easy,
  The Blue Notes  ,If You Don`t Know Me By Now (그대가 지금 날 알아주지 못한다면),
  Sara Bareilles  ,Bottle It Up,
  Sara Serena  ,Asylum,
  Ed Drewett  ,So Long,
  Elton John  ,Runaway Train (Feat. Eric Clapton),
"  Birdy ,  Rhodes  ",Let It All Go,
  Michael Jackson  ,Come Together,
  One Direction  ,Night Changes,
  Westlife  ,Wide Open,
  Colin Blunstone  ,Caroline Goodbye,
  Lady GaGa  ,Hair,
  Rick Astley  ,Together Forever,
  Halsey  ,3am,
  Ashlee Simpson  ,Say Goodbye,
  Sara Bareilles  ,Gravity,
  Halsey  ,Without Me (Feat. Juice WRLD),
  Delta Goodrem  ,Born To Try (Anniversary Edition),
  The Animals  ,The House Of Rising Sun (해 뜨는 집),
  Lauv  ,I Like Me Better (Ryan Riback Remix),
  Boy George  ,More Than Likely (With P.M. Dawn),
  Winston Surfshirt  ,Be About You,
  One Direction  ,Where Do Broken Hearts Go,
  Heatwave  ,The Groove Line,
  Neil Finn  ,Don`t Dream It`s Over,
  Gabrielle Aplin  ,Salvation,
  Beyonce  ,Haunted,
  Demi Lovato  ,Stone Cold,
  Jennifer Love Hewitt  ,BareNaked (Video Version),
  Charice  ,The Truth Is,
"  OneRepublic ,  BUNT.  ",Rescue Me (BUNT. Remix),
  SUD  ,Smilky (Acoustic),
  The Carpenters  ,This Masquerade,
  Stacie Orrico  ,I`m Not Missing You,
  A Few Good Men  ,Don`t Cry (Behind My Back),
  Anjulie  ,Love Songs,
  Britney Spears  ,Toxic (Album Ver.),
  Astrid S  ,Jump,
  Cowsills  ,"The Rain, The Park And The Other Thing",
  The 1975  ,Robbers,
  Shawn Mendes  ,Mutual,
  Nana Mouskouri  ,The Rose,
  Mary Lambert  ,Just Got Home,
  Basia  ,Astrud,
  Backstreet Boys  ,Quit Playing Games (With My Heart),
  Zaz  ,La Parisienne,
  Kelly Clarkson  ,Baby It`s Cold Outside,
  The Vamps  ,Hoping For Snow,
"  Matoma ,  Becky Hill  ",False Alarm,
  Olly Murs  ,Change Is Gunna Come,
  Eternal  ,Someday,
  Justin Bieber  ,Backpack (Album Version) (Feat. Lil Wayne),
  Dean Lewis  ,Waves,
  She & Him  ,If You Can`t Sleep,
  Shawn Mendes  ,In My Blood (Acoustic),
  Various Artists  ,Tears In Heaven,
  Boy Epic  ,Scars,
  Willa  ,Bf Jeans,
  Celine Dion  ,Misled,
  Westlife  ,Reach Out,
  Matt Monro  ,Walk Away,
  JAHR  ,similar,
  King Princess  ,Hit the Back,
  Ellie Goulding  ,My Blood,
  Anne Murray  ,Cry Me A River,
  Lolo  ,Not Gonna Let You Walk Away,
  The Free Design  ,Raindrops Keep Falling On My Head,
  Hedegaard  ,Ready To Love You,
  Shakira  ,"Te Aviso, Te Anuncio (Tango)",
  John Mayer  ,XO,
  Jakub Ondra  ,Praha,
  Shane Filan  ,In The End,
  George Ezra  ,Hold My Girl,
  Demi Lovato  ,This Is Me (With Jonas Brothers) (Live Ver.),
  Jason Mraz  ,You And I Both,
  Gabrielle Aplin  ,Alive,
  John Legend  ,P.D.A. (We Just Don`t Care),
  Olivia Olson  ,All I Want For Christmas Is You,
  Aretha Franklin  ,Lover Come Back to Me,
  ABBA  ,"Andante, Andante",
  Kylie Minogue  ,Christmas Wrapping (With Iggy Pop),
  Westlife  ,My Love (Radio Edit),
  Kylie Minogue  ,Every Day`s Like Christmas,
  Melee  ,Built To Last,
  Charli XCX  ,Backseat (Feat. Carly Rae Jepsen),
  The Three Degrees  ,Woman In Love (우먼 인 러브),
  Halsey  ,Sorry,
  Kimbra  ,Cameo Lover (Sam Sparro & Golden Touch Remix),
  A-ha  ,Train Of Thought (Remix) (Remastered Ver.),
  Pentatonix  ,La La Latch,
  Jez Dior  ,Nobody Knows (feat. Jackson Guthy),
  J. Balvin  ,Rojo,
  BØRNS  ,Sweet Dreams,
  A-ha  ,Dark Is The Night For All (Remastered Album Ver.),
  Barry Manilow  ,I`ve Got My Love To Keep Me Warm,
  Jamiroquai  ,White Knuckle Ride,
  Dido  ,Do You Have A Little Time,
  Gabrielle Aplin  ,Please Don`t Say You Love Me,
  Janet Jackson  ,This Time,
  Cat Power  ,The Greatest,
  Celine Dion  ,All By Myself (Spanish Version),
  Rachel Platten  ,You Don`t Know My Heart,
  Jennifer Lopez  ,First Love,
  Katy Perry  ,White Christmas (Album Ver.),
  Trademark  ,Only Love,
  C21  ,Stuck In My Heart,
  Norah Jones  ,Back To Manhattan,
  Tata Young  ,Ready For Love,
  Neko  ,One Drink Away (feat. Fox Wilde),
  LEW  ,Loved You So (Lullacry Ver.),
  Jeremy Zucker  ,wildfire,
  Eddie Guerrero  ,"We Lie, We Cheat, We Steal",
  Natasha Bedingfield  ,"These Words (I Love You, I Love You) (Dwele Remix)",기타 모두 끊다 버리다 누굴까 있다 가다 실망 시키다 없다 주의 생각 같다 기분 도움 필요하다 영감 필요하다 그것 쉬다 오지 않다 마법 찾다 노력 해보다 클래식 쓰리다 뭔가 작곡 노력 해보다 정말 모르다 정말 모르다 그렇다 종이 오선지 쓰레기통 유식 싯구들 안녕 고유 언어 심장 흘러나오다 사랑 사랑 사랑 사랑 멋지다 표현 다른 없다 사랑 사랑 힙합 비트 맞추다 저명하다 시르다 읽다 보다 죽다 오다 드럼 나타내다 차다 어렵다 예약 스튜디오 많다 시간 보내다 뭔가 강력하다 후크 갈고리 강력하다 늘다 찾다 이제 빗장 들어오다 쓸다 노래 충분하다 좋다 없다
  Anne Murray  ,Me And Bobby McGee,
  Charice  ,Lost The Best Thing,
  Various Artists  ,Yesterday (비틀즈 : 예스터 데이),
  Milla Rumi  ,Luulaulu,
  Hilary Duff  ,Someone`s Watching Over Me,
  Matthew Koma  ,Kisses Back (Acoustic),
  Jamiroquai  ,High Times,
  Angus & Julia Stone  ,Stay With Me (Live From Spotify Berlin),
  Dusty Springfield  ,The Look Of Love,
  Sara Bareilles  ,Say You`re Sorry,
  Westlife  ,Bop Bop Baby (Almighty Radio Edit),
  Adam Lambert  ,Pick U Up,
  Virginia To Vegas  ,Selfish,
  Madonna  ,Runaway Lover (Album Ver.),
  Meghan Trainor  ,Thank You (Feat. R. City),
  Penny Police  ,"Mirror, Mirror",
  Little Mix  ,Notice,
  Marz  ,Everybody Had A Hard Year,
  Dulce Maria  ,Inevitable,
  Blue System  ,Under My Skin,
  mxmtoon  ,dream of you,
  Babyface  ,Gone Too Soon,
  Carrie Underwood  ,The Champion (Feat. Ludacris),
  Sarah Connor  ,Bounce,
  Puddle Of Mudd  ,Blurry,
  Duran Duran  ,Planet Earth (Single Version),
  Jens Lekman  ,What`s That Perfume That You Wear?,
  Austin Mahone  ,Mmm Yeah (Feat. Pitbull),
  Savage Garden  ,She,
  Mandy Moore  ,Only Hope,
  C21  ,Too Late,
  Angie  ,Dope,
  Lewis Capaldi  ,Forever,
  Joyce Jonathan  ,Je cours,
  Pet Shop Boys  ,West End Girls (2018 Remastered Ver.),
  Duran Duran  ,Girls On Film (Night Version),
  Alphabeat  ,Shadows,
  Michael Jackson  ,Loving You,
  Betty Who  ,Glory Days,
  Miley Cyrus  ,Rainbowland (Feat. Dolly Parton),
  Christina Perri  ,something about december,
  Jaira Burns  ,OKOKOK,
  Sia  ,The Co-Dependent,
  James Brown & The Famous Flames  ,Try Me (1959 빌보드 알앤비 차트 1위),
  Mahalia  ,Begin Again,
  Justin Timberlake  ,Chop Me Up (Feat. Timbaland & Three-6 Mafia),
  Rex Orange County  ,10/10,
  Katharine McPhee  ,Terrified (Feat. Jason Reeves),
  Cyndi Lauper  ,She Bop,
  Cimorelli  ,Price Tag,
  The Saint Johns  ,Barricades,
  Melanie Martinez  ,Cough Syrup (The Voice Performance),
  Cheryl Cole  ,Fight For This Love,
  A-ha  ,Take On Me (MTV Unplugged / Edit),
  Orkid  ,Lay Low,
"  Peabo Bryson ,  Celine Dion  ",Beauty And The Beast,
  Beyonce  ,Video Phone (Feat. Lady Gaga) (Extended Remix),
  Shakira  ,When a Woman,
  James Blake  ,Retrograde,
  Michael Bolton  ,Love Is A Wonderful Thing,
  Mads Langer  ,Drunken Butterfly,
  Selena Gomez  ,Birthday,
  Ace Of Base  ,Beautiful Life (Single Ver.),
  Justin Timberlake  ,Blue Ocean Floor,
  Harry Connick Jr.  ,Every Time I Fall In Love,
  J.Fla  ,Perfect,
  Bic Runga  ,Sway,
  Kris Allen  ,Live Like We`re Dying,
  Yellow Days  ,How Can I Love You?,
  MARINA  ,Happy,
  Milow  ,Howling At The Moon,
  Bella Thorne  ,Walk with Me,
  Jack Gray  ,Fools,
  Groove Theory  ,Angel,
  Ricky Martin  ,Entre El Amor Y Los Halagos,
  Clay Aiken  ,All Is Well,
  J.Fla  ,All Falls Down,
  Jennifer Chung  ,I Know I Should Call (Feat. Sam Ock),
  Gabriel Rios  ,Young Gods,
  Lorde  ,Homemade Dynamite,
  Richard Marx  ,Should`Ve Known Better,
  Ben Platt  ,River,
  Olivia Newton John  ,Don`t Stop Believin`,
  Jack & Jack  ,Beg,
"  Flora Cash ,  Death Stranding: Timefall  ",Born In The Slumber,
  Role Model  ,six speed,
  Torine  ,Dancing In My Sleep,
  Tegan And Sara  ,Closer,
  The Platters  ,Blue Christmas (Album Version),
  Gabriel Rios  ,Gold (Thomas Jack Radio Edit),
  One Direction  ,Night Changes (Live Acoustic Session),
  halie and the moon  ,IN THE ATMOSPHERE,
  Woodes  ,Silent Disco,
  Alex Aiono  ,No Drama,
  David Archuleta  ,Works For Me,
  Pentatonix  ,Rather Be,
  Connie Talbot  ,Over The Rainbow,
  Jamiroquai  ,You Are My Love,
  Rachel Platten  ,Lone Ranger,
  Mariah Carey  ,Up Out My Face (Album Version),
  Pink  ,Family Portrait,
  Skott  ,In the Mood,
  Sasha Sloan  ,Thoughts,
  Keren Ann  ,Where Did You Go ?,
  Savage Garden  ,I Knew I Loved You,
  Jasmine Thompson  ,Like I`m Gonna Lose You,
  ABBA  ,Hole In Your Soul,
  Anya  ,Nobody Knows,
  Modern Talking  ,You Can Win If You Want,
  Ovi  ,Once In A Lifetime,
  Robbie Williams  ,Let Love Be Your Energy,
  Air Supply  ,Making Love Out Of Nothing At All,
  Virginia Ernst  ,Not A Love Song,
"  Silk City (Diplo & Mark Ronson) ,  Dua Lipa  ",Electricity,
  Josh Groban  ,Mai,
  Demis Roussos  ,Goodybe My Love Goodbye,
  Michael Jackson  ,D.S.,
  James Arthur  ,Is This Love?,
  Ice MC  ,The Vibe,
  Chris Brown  ,Dreamer,
  Why Don`t We  ,Mad At You,
  Westlife  ,Last Mile Of The Way,
  Brie Larson  ,Life After You,
  George Ogilvie  ,Grave,
  Charlie Puth  ,Marvin Gaye (Feat. Meghan Trainor) (DJ Kue Remix),
  Leona Lewis  ,Colorblind,
  Xenia  ,Summer Dress,
  Dami Im  ,Wrecking Ball,
  BENEE  ,Glitter,
  Julien Dore  ,Chou Wasabi (Feat. Micky Green) (Radio Edit),
  Jesper Jenset  ,Painkiller,
  Linda Ronstadt  ,People Gonna Talk  ,
  Alexander 23  ,Mars,
  Gwen Stefani  ,Used To Love You,
  Tove Lo  ,stranger,
"  Tony Bennett ,  Lady GaGa  ",It Don't Mean A Thing (If It Ain't Got That Swing),
  WHAM!  ,Wham Rap `86,
  Stevie Wonder  ,From The Bottom Of My Heart,
  Mocca  ,What If.. (Acoustic Ver.),
  ZAYN  ,rEaR vIeW,
  Two Year Vacation  ,Don`t Know Anybody Else,
  Stacie Orrico  ,Confidant,
  Color Me Badd  ,Thinkin` Back ,반복
  Michael Jackson  ,Jam (Roger`s Club Mix),
  Various Artists  ,My Way,
  Westlife  ,I Have A Dream,
  Skylar Grey  ,Everything I Need (Film Version),
  Carry & Ron  ,That Girl,
  Various Artists  ,"Flash Dance, What A Felling",
  Mis-Teeq  ,Scandalous,
  Lil Halima  ,Train,
  Enigma  ,Rivers Of Belief,
  Diana Krall  ,Desperado,
  Michael Jackson  ,Someone In The Dark,
  Mullally  ,Sweet Coffee (Feat. Bassette),
  Los Lobos  ,La Bamba,밤바춤 추기 위해 밤바춤 추기 위해 약간 기품 필요하다 아주 기품 다른 위로 위로 위로 위로 위로 갈다 선원 아니다 선원 아니다 위해 되다 위해 되다 위해 되다 밤바춤 추기 위해 밤바춤 추기 위해 약간 기품 필요하다 나르다 위해 위해 약간 기품 필요하다 거기 위로 위로 위로 위로 갈다 선원 아니다 선원 아니다 선장 선장 선장
  The 5th Dimension  ,Never My Love,
  Ace Of Base  ,All For You (Radio Ver.),
  Tori Kelly  ,Expensive (Feat. Daye Jack),
  Lauv  ,For Now,
  Il Divo  ,Senza Parole,
  Jessica Mauboy  ,This Ain`t Love,
  Freeez  ,I.O.U. (12` Ver.),
  Kaya Stewart  ,Sleepover,
  Jessica Simpson  ,Come On Over,
  MØ  ,West Hollywood (Interlude),
  Halsey  ,killing boys,
  MARKET  ,Fix,
  Various Artists  ,Touch By Touch : 조이,
  Justin Bieber  ,One Time (Acoustic Album Version),
  Selena Gomez  ,Good For You (Feat. A$AP Rocky),
"  Madonna ,  Quavo  ",Future,
  Linnea Sodahl  ,Nothing Is Forever,
  David Foster  ,The Best Of Me,
  One Direction  ,Tell Me A Lie,
  PRETTYMUCH (프리티머치)  ,Gone 2 Long,
  Chris Garneau  ,Hometown Girls,
  Urban Cone  ,Ikea,
  Jai Waetford  ,Living Not Dreaming,
  Labrinth  ,Misbehaving,
  Anya Marina  ,Satellite Heart,
  Color Me Badd  ,Choose,
  Linda Ronstadt  ,It Never Entered My Mind,
  Barbra Streisand  ,Memory,밤중 거리 아무 소리 들리다 않다 달님 추억 잃어버리다 걸다 홀로 미소 짓다 있다 가로등 불빛 아래 시들다 낙엽 발밑 쌓이다 있다 게다가 바람 슬프다 소리 내기 시작 추억 회상 달빛 아래 홀로 과거 아름답다 시절 다시 꿈꾸다 있다 무척 아름답다 기억 행복 무엇 인지 있다 같다 과거 즐겁다 추억 다시 내다 돌아오다 모든 가로등 아침 밝다 오다 예시 거리 운명 사인 내보내다 있다 가로등 서서히 꺼지다 보다 아침 밝다 오다 같다 새벽 기다리다 새롭다 설계 절대 포기 안되다 여명 밝다 오늘밤 역시 하나 추억 되다 그리다 새롭다 펼쳐지다 연기 끼다 암울하다 완전하다 들다 갈다 무렵 케케 냉랭하다 아침 냄새 느껴지다 가로등 꺼지다 하룻밤 지나가다 새롭다 밝다 있다 잡다 사람 쉬다 외다 과거 즐겁다 시절 회상 홀로 외로이 추억 잠기 만약 당신 감정 만지다 있다 행복 무엇 이해 있다 보다 어느덧다 밝다
  REO Speedwagon  ,Keep The Fire Burnin`,
  Michael Jackson  ,Little Christmas Tree,
  Topic  ,Breaking Me,
  DJ AKI  ,BUTTERFLY (Feat. Faye Nash),
  Elen Levon  ,Over My Head,
  Madonna  ,Girl Gone Wild (MDNA World Tour / Live 2012),
  Aqua  ,Turn Back Time,
"  Peter, Paul & Mary  ",Puff (The Magic Dragon),
  Mariah Carey  ,Someday,
  Tor Miller  ,Baby Blue,
  Joy Crookes  ,Bad Feeling,
  Various Artists  ,Heal The World,
  Maroon 5  ,Harder To Breathe (The Cool Kids Remix) (Feat. Cool Kids),죄송하다 키즈 파트 찾다
  Little Boots  ,Earthquake,
  Jeff Buckley  ,Hallelujah,
  Palace  ,Heaven Up There (Acoustic),
  Stacie Orrico  ,I`m Not Missing You (Radio Edit),
  Skylar Grey  ,Back From The Dead (Explicit) (Feat. Big Sean & Travis Barker),
  Against The Current  ,Almost Forgot,
  Chris Garneau  ,So Far,
  Tim Atlas  ,Out Of Time,
  Westlife  ,Mack The Knife,
  Justin Timberlake  ,My Love,
  Sia  ,Hostage,
  Lady GaGa  ,Government Hooker,
  Gabriella Cilmi  ,Safer,
  Ariana Grande  ,Somewhere Over The Rainbow (Live From Manchester),
  Verzache  ,Losing My Love,
  Boney M  ,Going Back West (12` Ver. Full),
  Sophie Hunger  ,Walzer Fur Niemand,
  Susan Boyle  ,This Is The Moment (Feat. Donny Osmond),
  Lana Del Rey  ,Million Dollar Man,
  Liz Phair  ,Leap Of Innocence,
  Kenny Rogers  ,Sweet Music Man,
  Tommy Page  ,A Shoulder To Cry On,
  Gazebo  ,I Like Chopin,
  Nova Miller  ,Plastic,
  Little Mix  ,About the Boy,
  Matt Corby  ,All Fired Up,
  Kito  ,Alone With You (Feat. AlunaGeorge),
  Various Artists  ,Singing In The Rain,
  Hall & Oates  ,One on One,
  Culture Club  ,Starman,
  Donovan  ,Catch The Wind (캐치 더 윈드),
  Mat Kearney  ,Better Than I Used To Be (Acoustic),
  John Mayer  ,Neon,
  Bobby Darin  ,Dream Lover (드림 러버),
  Pitbull  ,Hey Baby (Drop It To The Floor) (Feat. T-Pain),
  Peach Tree Rascals  ,Mango,
  Miley Cyrus  ,Love Money Party (Feat. Big Sean),
  Kailee Morgue  ,Black Sheep,
  Shakira  ,Loca Por Ti,
  Halsey  ,Devil In Me,
  Rachael Yamagata  ,Collide,
  Death Cab For Cutie  ,I Will Follow You Into The Dark,
  Shakira  ,Hips Don`t Lie (Feat. Wyclef Jean),
  Megan Nicole  ,B-E-A-Utiful,
  Michael Patrick Kelly  ,Shake Away,
  Sam Smith  ,No Peace (Feat. YEBBA),
  Espen Lind  ,When Susannah Cries,
  Rita Ora  ,"Girls (Feat. Cardi B, Bebe Rexha & Charli XCX)",
  Ina Wroldsen  ,Sea,
  Mariah Carey  ,All I Want For Christmas Is You (Mariah`s New Dance Mix),
  A Great Big World  ,You`ll Be Okay,
  Taylor Swift  ,I Wish You Would (Karaoke Ver.),
  Charice  ,Pyramid (Feat. Iyaz),
  M2M  ,The Day You Went Away,
  R. Kelly  ,12 Nights Of Christmas,
  New Kids On The Block  ,You Got It (The Right Stuff),
  Acid House Kings  ,The Saturday Train,
  Stacie Orrico  ,(There`s Gotta Be) More To Life,
  Bebe Rexha  ,Steady (Feat. Tory Lanez),
  Lea Michele  ,Do You Want To Build a Snowman?,
  Death Cab For Cutie  ,Meet Me On The Equinox,
  Phoebe Ryan  ,Forgetting All About You (Feat. Blackbear),
  Take That  ,Shine,
  Billy Ocean  ,Suddenly,
  Old 97`s  ,Time Bomb ,
  PRETTYMUCH (프리티머치)  ,The Weekend (feat. Luisa Sonza),
  Walking On Cars  ,Waiting On The Corner,
  Ben E. King  ,Stand By Me (스탠 바이 미),
  Jaymes Young  ,Happiest Year,
  Elvis Presley  ,Anything That`s Part Of You,당신 보내다 전부 기억 우리 함께 가다 돌아다니다 당신 흔적 찾다 하루 종일 돌다 다니다 같다 당신 머리 리본 간직 있다 아직 은은하다 향수 남아 있다 당신 흔적 우울하다 위로 주다 그게 사소하다 일지 당신 이상 사랑 않다 알다 당신 그립다 가슴 아프다 당신 원하다 않다 알다 당신 계속 원하다 되다 내겐 이상 살아가다 이유 없다 무엇 갖다 무엇 주어 야하다 새롭다 사람 다해 당신 흔적
  JP Saxe  ,Sad Corny Fuck,
  Yeah Yeah Yeahs  ,Y Control,
  Pet Shop Boys  ,New York City Boy,
  Lil Nas X  ,C7osure (You Like),
  Hugh Grant  ,PoP! Goes My Heart,
  Coolio  ,Gangsta`s Paradise (feat. L.V.),
  Karen Harding  ,Open My Eyes,
  Soleima  ,Low Life,
  J.Fla  ,Paris,
  Renee Olstead  ,A Love That Will Last,
  Ariana Grande  ,bad idea,
  Britney Spears  ,What You Need,
  Matt Terry  ,Mama (Feat. Ana Mena),채다 채다 채다 채다 채다 차다 채다 채다 채다
  Sarah McLachlan  ,When She Loved Me,
  Kevin Rudolf  ,Gimme A Sign,
  Keyshia Cole  ,Beautiful Music,
  Loving Caliber  ,Faster Car,
  Elias  ,Down `N Out,
  Madonna  ,"Like a Virgin / Hollywood (feat. Christina Aguilera, Britney Spears & Missy Elliott) (Live)",
  Tony Bennett  ,My Mom,
  Hypnotic Hideout  ,Deja Vu (Initial D Theme Song) (Originally Performed By Dave Rodgers),
  Ibeyi  ,Waves,
  Delta Goodrem  ,Woman,
  Red Letter Hymnal  ,New Life X New Vibe,
  Chris De Burgh  ,Girl,
  Isac Elliot  ,My Favorite Girl,
  Leona Lewis  ,Heartbeat,
  Janelle Monae  ,Pynk (feat. Grimes),
  Gracie Abrams  ,"I miss you, I’m sorry",
  Katy Perry  ,Dance With The Devil,
  ATC  ,New York City,
  Dan & Shay  ,Tequila (R3HAB Remix),
  Blue  ,Bubblin` (Featuring L.A.D.？),
  Halsey  ,You should be sad,
  The Lumineers  ,Donna,
  Ray Charles  ,I`ve Got A Woman,
  Albert Hammond  ,For The Peace Of All Mankind,
  Jaira Burns  ,Waste Away,
  Grace Carter  ,Silence (Acoustic),
  ZAYN  ,LIKE I WOULD,
  Shae  ,Up Up n Away,
  Loverboy  ,Working for the Weekend,
  Anna Clendening  ,Bend & Break,
  Nellie McKay  ,Face of a Faith,
  Kelly Clarkson  ,Behind These Hazel Eyes,
  Various Artists  ,Loving The Sound,
  Chrisette Michele  ,What You Do (Feat. Ne-Yo),
  The Beach Boys  ,California Dreamin’,
  Various Artists  ,Khe Sanh,
  Christina Aguilera  ,Let There Be Love,
  Foxes  ,Scar,
  James Arthur  ,Smoke Clouds,
  Colbie Caillat  ,Have Yourself A Merry Little Christmas (Album Version),
"  Why Don`t We ,  Macklemore  ",I Don`t Belong In This Club,
  Backstreet Boys  ,We`ve Got It Goin` On (Radio Edit),
  In Real Life  ,Crazy AF,
  Sabrina  ,Secret Love Song,
  Alex Hepburn  ,Miss Misery,
  LEW  ,Loved You So,
  Suzanne Vega  ,World Before Columbus,
  Jamiroquai  ,Love Foolosophy (Radio Edit),
  Shane Filan  ,Knee Deep In My Heart,
  Diana Vickers  ,Boy In Paris,
  Shawn Mendes  ,Imagination,
  Backstreet Boys  ,Just Want You To Know,우리 처음 만나다 찍다 사진 보고 있다 당신 내다 절대로 잊다 없다 미소 지다 주다 당신 완전하다 사로잡히다 그날 당신 잡다 사실 항상 맘속 기억 되다 있다 우리 밤새 같이 있다 때문 정확하다 언제 기억 없다 우린 정말 자다 당신 전부 알아주다 당신 보내다 는걸 시간 걸리다 외롭다 이어지다 언젠가 늘다 당신 돌아오다 믿다 싶다 정말 힘들다 사실 아무렇다 희망 없다 이기다 노력 중이 떠나다 사람 당신 아니다 나이 기르다 당신 떠나다 그날 모든 잃다 알아주다 당신 보내다 는걸 시간 걸리다 외롭다 이어지다 언젠가 늘다 당신 돌아오다 믿다 싶다 정말 힘들다 사실 당신 잃다 이후 자신 잃다 감추다 없다 아무 당신 대신 없다 사실 알아주다 당신 보내다 는걸 시간 걸리다 외롭다 이어지다 언젠가 늘다 당신 돌아오다 믿다 싶다 정말 힘들다 사실 당신 보내다 는걸 시간 걸리다 외롭다 이어지다 언젠가 늘다 당신 돌아오다 믿다 싶다 정말 힘들다 사실
  Youngr  ,Ooh Lordy,
  C21  ,You Are The One,
  Emiliana Torrini  ,Thinking Out Loud,
  Roxette  ,Listen To Your Heart,
  Edith Piaf  ,Milord,
  The Veronicas  ,Untouched,
  Bishop Briggs  ,River,
  Lenka  ,Unique,
  Liam Payne  ,Stack It Up (Acoustic),
"  Notd ,  Bea Miller  ",I Wanna Know (Acoustic),
  Susan Boyle  ,A Million Dreams,
  Jamie Cullum  ,Thinkin Bout You,
  Michael Jackson  ,Heartbreaker,
  Modern Talking  ,Let`s Talk About Love,
  Darren Hayes  ,What You Like,
  Karina  ,Love Right Next To You,
  Grace Gaustad  ,Smokeclouds,
  Pet Shop Boys  ,It Doesn`t Often Snow At Christmas (New Ver.),
  The Chainsmokers  ,Roses (Feat. ROZES),
  Westlife  ,L.O.V.E.,
  Anjulie  ,Day Will Soon Come,
  Backstreet Boys  ,Feels Like Home,
  Michael Jackson  ,Wanna Be Startin` Somethin`,
  Westlife  ,Everybody Knows,
  Karmin  ,Drifter,
  Jasmine Thompson  ,I Try,
  Human Nature  ,My Girl,
  Pixie Lott  ,Cry Me Out (Bimbo Jones Remix Edit),
  Plot Twist  ,Lover,
  Michael Jackson  ,We Are The World (Demo!),
  Invertigo  ,Man Enough,
  Jordan Hill  ,For The Love Of You,
  Olivia Newton John  ,If You Love Me (Let Me Know),
  Lova  ,Impress Myself,
  Andrea Bocelli  ,Il Nostro Incontro (Feat. Chris Botti),
  Rialto  ,Summer`s Over,
  New Hope Club  ,Fixed,
  Beyonce  ,Formation (Homecoming Live),
  Leonard Cohen  ,Slow,
  Adia Victoria  ,Me And the Devil,
  Kelly Clarkson  ,I Want You,
  renforshort  ,luv is stooopid,
  Selena Gomez  ,Fetish (Feat. Gucci Mane),
  Jimmy Fallon  ,EW! (Feat. will.i.am),
  Parson James  ,Sinner Like You,
  Lady GaGa  ,I Like It Rough,
  Ellie Goulding  ,Believe Me,
  AJR  ,Come Hang Out,
  Ivy Levan  ,No Good,
  Air Supply  ,Lost In Love,
  Nick Jonas  ,That`s What They All Say,
"  Chris Norman ,  Suzi Quatro  ",Stumblin` In,
  Marie Osmond  ,Paper Roses,
  Christopher  ,My Heart,
  Rachael Yamagata  ,Duet (Feat. Ray LaMontagne),
  Jasmine Thompson  ,Lonely Together,
  L`Imperatrice  ,Sonate pacifique,
  Luther Vandross  ,Never Too Much,
  Sting  ,August Winds,
  Boyz II Men  ,It`s So Hard To Say Goodbye,
  Kelly Clarkson  ,I`ll Be Home For Christmas,
"  Sioen ,  선우정아  ",In Our Little Life,차다 많다 입다 먹다 우리 엄마 아빠 우리 엄마 아빠 물리다 주다 말일 상처 받다 없다 때로는 차다 어렵다 인생 의문 투성이 물음표 물음표 말일 상처 받다 없다 말일 상처 받다 없다
  Romeo Santos  ,Yo Tambien (Feat. Marc Anthony),
  Blue  ,Breathe Easy,
  Michael Jackson  ,Black Or White (House With Guitar Radio Mix),끄다 아빠 제일 좋다 부분 끄다 이르다 시간 늦다 어서 끄다 아빠 제일 좋다 제발 당장 끄다 싫다 여기다 듣다 싶다 단말 늦다 거나 들다 보시 애인 토요일 파티 데려가다 여자 애인 그렇다 우린 하나고 닮다 기적 믿다 오늘 기적 하나 일어나다 여자친구 되다 대해 생각 흑인 백인 상관 안해 사람 토요일 태양 아래 메세지 기지 절대자 아니다 주다 평등 대해 그건 사실 옳다 그르 여자친구 되다 대해 생각 흑인 백인 상관 안해 악마 지겹다 허튼 소리 지겹다 지겹다 그게 힘들다 지다 무섭다 않다 전과 기록 무섭다 아무 두렵다 않다 세상 비열하다 돌아가다 클럽 국가 지나치다 보호 인간 사이 슬픔 가다 주지 이건 세계 규모 전쟁 진영 얘기 들다 보다 그건 인종 문제 알다 태생 비롯 되다 얼굴 있다 똑똑하다 바보 되다 보다 인종 문제 갖다 인생 허비하다 않다 맞장구 치다 말다 먼지 뿌리다 주제 여자친구 되다 대해 생각 흑인 백인 상관 안해 흑인 백인 그렇게 살기 정말 힘겹다 이지 흑인 백인
  Dead Bachelors  ,Unfollow,
  Tony Thompson  ,My Cherie Amour,
  Carly Simon  ,It Keeps You Runnin`,
  Birdy  ,I`ll Never Forget You,
  Sweetbox  ,Life Is Cool,
  Gareth Gates  ,Anyone Of Us,당신 실망 시키다 오다 그대 얼마나 바보 같다 유혹 굴복 되어다 어찌 없다 상황 당신 이해 해주다 우리 일어나다 있다 일이 당신 생각 쓰러지다 있다 사랑 사람 상처 있다 마음 아프다 바보 같다 실수 때문 우리 일어나다 있다 일이 용서 주다 실패하다 있다 믿다 받아들이다 없다 마음 아프다 바보 같다 실수 때문 바보 같다 실수 때문 멋지다 기막히다 사람 미리 알다 감각 미리 주의 주다 데리다 주다 때문 어찌 없다 상황 당신 이해 해주다 반복 바보 같다 실수 모두 진실 맹세 당신 잃다 싶다 않다 어찌 없다 상황 당신 이해 해주다 반복
  Adam Lambert  ,Outlaws Of Love,
  Modern Talking  ,I Will Follow You (New Hit `98),
  ABBA  ,Watch Out,
  Paris Hilton  ,Stars Are Blind,
  Lucky Soul  ,A Coming Of Age,
  Maroon 5  ,Whiskey (Feat. A$AP Rocky),
  Rex Orange County  ,Untitled,
  Orleans  ,Dance With Me (LP Ver.),
  Maggie Lindemann  ,Pretty Girl,
  Halo Friendlies  ,Me Vs. The World,
  Sarah McLachlan  ,Bring On The Wonder,
  Cimorelli  ,Paris,
  Sting  ,Why Should I Cry For You? (Radio Mix),
  Beyonce  ,Irreplaceable (Feat. Ghostface Killah),
  ruru  ,Tonight!,
  Boys Like Girls  ,The Great Escape,
  Anne Murray  ,Danny`s Song (Duet. Martina McBride),
  Take That  ,Wooden Boat,
  Nina  ,Someday,
  Youngr  ,September Sun,
  Carole King  ,We Are All In This Together,
  Etham  ,Burning (Stripped),
  Little Mix  ,Down & Dirty,
  Pentatonix  ,Perfect,
  Various Artists  ,Mamma Mia,
  Destiny Rogers  ,Euphoria,
  Michael Jackson  ,Girl Don`t Take Your Love From Me (Album Version),
  Esther Vallee  ,U Know Who You Are,
  Jordan Hill  ,Remember Me This Way,
  REO Speedwagon  ,In Your Letter,
  Celine Dion  ,The Prayer (Duet. Andrea Bocelli),
  The Lovin` Spoonful  ,Butchie`s Tune,
  Conor Maynard  ,R U Crazy (Labs Swing Ver.),
  George Michael  ,Praying For Time (Remastered 2006),
"  Avicii ,  Conrad Sewell  ",Taste The Feeling (Avicii Vs. Conrad Sewell),
  Modern Talking  ,With a Little Love,
  Betty Who  ,Taste,
  Terror Jr  ,Terrible,
  Lauv  ,Drugs & The Internet (CHVRCHES Remix),
  Barry Manilow  ,Here`s To The Man,
  The Emigrants  ,Video Killed The Radio Star,
  Doris Day  ,Whatever Will Be Will Be,
  Various Artists  ,Words,
  Phoebe Ryan  ,Heart Attack (feat. Tove Lo),
  ABC  ,Unzip,
  Icona Pop  ,All Night,
  Hole  ,Celebrity Skin,
  Daya  ,Safe,
  MARINA  ,Karma,
  The Velvet Underground  ,Pale Blue Eyes,
  Rialto  ,Monday Morning 5.19,
  Bread  ,Everything I Own (LP Ver.),
  Hockey  ,Too Fake,
  Paulini  ,Scarless,
  McFly  ,Room On The 3rd Floor,
  Yelle  ,Ce Jeu,
  Paloma Faith  ,Silent Night (feat. The Thank You Midwife Choir),
  Mariah Carey  ,I Want To Know What Love Is (Live),
  Sade  ,The Sweetest Taboo (Remastered),
  Finneas  ,Break My Heart Again,
  Hellyeah  ,Human,
  Barbra Streisand  ,I Won`t Be The One To Let Go (With Barry Manilow),
  FLETCHER  ,All Love,
  Michael Jackson  ,Dangerous,
  Baccara  ,"Yes Sir, I Can Boogie 1999",
  Westlife  ,Let There Be Love,
  Blue  ,Made For Loving You,
  Jae Jin  ,Walk Me Down,
"  Andrea Bocelli ,  Celine Dion  ",The Prayer,
  Peggy March  ,"Hello Heartach, Goodbye Love",
"  Olly Murs ,  Louisa  ",Unpredictable,
  Goldkimono  ,To Tomorrow,
  The Corrs  ,What Can I Do,
  Cyndi Lauper  ,Iko Iko,
  Chlara  ,Fresh Eyes,
  Pat Boone  ,April Love,
  Charice  ,Louder,
  Why Don`t We  ,Merry Little Christmas,
